unidad_academica,id_estudiante,modalidad_cursa,distancia_sede,actividades_aprobadas,actividades_u12m
ESCINFO,ESCINFO-3342,D,-1,5,3
ESCINFO,ESCINFO-5396,P,-1,9,6
ESCINFO,ESCINFO-3162,P,3,1,0
ESCINFO,ESCINFO-5739,H,-1,5,2
ESCINFO,ESCINFO-4683,P,-1,9,4
ESCINFO,ESCINFO-5233,P,-1,7,0
ESCINFO,ESCINFO-5226,D,-1,7,4
ESCINFO,ESCINFO-5117,P,-1,3,1
ESCINFO,ESCINFO-5630,P,-1,6,4
ESCINFO,ESCINFO-5644,D,-1,1,0
ESCINFO,ESCINFO-5218,P,-1,6,2
ESCINFO,ESCINFO-5397,H,-1,4,1
ESCINFO,ESCINFO-5546,P,-1,11,7
ESCINFO,ESCINFO-5608,D,-1,4,1
ESCINFO,ESCINFO-5145,P,-1,3,2
ESCINFO,ESCINFO-5681,H,-1,1,0
ESCINFO,ESCINFO-5641,H,-1,3,1
ESCINFO,ESCINFO-5327,H,-1,4,0
ESCINFO,ESCINFO-5522,P,-1,8,4
ESCINFO,ESCINFO-5434,D,-1,0,0
ESCINFO,ESCINFO-5457,H,-1,10,5
ESCINFO,ESCINFO-5684,H,-1,6,3
ESCINFO,ESCINFO-5580,H,-1,2,0
ESCINFO,ESCINFO-5165,P,-1,8,2
ESCINFO,ESCINFO-5320,D,-1,11,7
ESCINFO,ESCINFO-5621,D,-1,3,1
ESCINFO,ESCINFO-5765,P,3,5,1
ESCINFO,ESCINFO-5767,H,-1,1,0
ESCINFO,989,P,-1,4,3
ESCINFO,ESCINFO-5184,D,-1,6,1
ESCINFO,ESCINFO-1431,D,-1,1,0
ESCINFO,ESCINFO-5312,P,-1,9,1
ESCINFO,ESCINFO-1056,P,-1,0,0
ESCINFO,ESCINFO-5554,D,1,3,0
ESCINFO,ESCINFO-5774,D,3,9,2
ESCINFO,ESCINFO-5775,P,-1,5,0
ESCINFO,ESCINFO-5708,H,-1,8,3
ESCINFO,ESCINFO-5576,D,-1,1,0
ESCINFO,ESCINFO-5385,P,-1,11,4
ESCINFO,ESCINFO-4751,H,-1,9,2
ESCINFO,3682,P,-1,0,0
ESCINFO,ESCINFO-5311,D,-1,11,5
ESCINFO,ESCINFO-5144,D,-1,10,6
ESCINFO,ESCINFO-5781,D,-1,8,3
ESCINFO,ESCINFO-5747,D,-1,3,0
ESCINFO,ESCINFO-5779,D,-1,7,1
ESCINFO,ESCINFO-5290,H,-1,3,0
ESCINFO,ESCINFO-5627,D,-1,15,9
ESCINFO,ESCINFO-5299,D,-1,14,6
ESCINFO,ESCINFO-5272,D,-1,0,0
ESCINFO,ESCINFO-5365,D,3,4,1
ESCINFO,ESCINFO-5417,D,-1,13,5
ESCINFO,ESCINFO-5239,H,3,1,0
ESCINFO,ESCINFO-5675,P,3,8,3
ESCINFO,ESCINFO-5190,H,-1,5,1
ESCINFO,ESCINFO-5567,D,1,0,0
ESCINFO,ESCINFO-5349,P,4,11,7
ESCINFO,ESCINFO-5452,P,-1,5,1
ESCINFO,ESCINFO-5783,P,-1,2,0
ESCINFO,ESCINFO-5569,H,4,0,0
ESCINFO,ESCINFO-5364,P,-1,4,2
ESCINFO,ESCINFO-5157,D,1,13,7
ESCINFO,ESCINFO-5788,P,-1,2,0
ESCINFO,ESCINFO-1963,D,3,18,6
ESCINFO,ESCINFO-3969,D,1,7,3
ESCINFO,775,H,1,15,8
ESCINFO,ESCINFO-444,D,-1,4,1
ESCINFO,ESCINFO-4269,H,-1,9,4
ESCINFO,ESCINFO-3384,D,-1,7,2
ESCINFO,ESCINFO-3005,P,-1,18,5
ESCINFO,ESCINFO-4340,D,-1,15,9
ESCINFO,ESCINFO-5789,P,-1,14,5
ESCINFO,ESCINFO-5409,D,-1,13,5
ESCINFO,ESCINFO-5328,P,-1,8,5
ESCINFO,ESCINFO-5324,H,-1,3,1
ESCINFO,ESCINFO-5228,H,-1,5,1
ESCINFO,ESCINFO-5565,D,3,4,1
ESCINFO,ESCINFO-5664,D,5,36,2
ESCINFO,ESCINFO-5771,P,1,0,0
ESCINFO,ESCINFO-5547,D,-1,8,1
ESCINFO,ESCINFO-5456,D,1,4,1
ESCINFO,ESCINFO-5170,P,1,7,4
ESCINFO,ESCINFO-5595,D,5,2,0
ESCINFO,ESCINFO-5287,D,5,7,1
ESCINFO,ESCINFO-5682,H,1,2,0
ESCINFO,ESCINFO-5509,D,3,8,1
ESCINFO,ESCINFO-5132,D,4,8,1
ESCINFO,ESCINFO-5793,H,3,7,2
ESCINFO,ESCINFO-5406,D,-1,13,7
ESCINFO,ESCINFO-5146,P,1,1,0
ESCINFO,ESCINFO-5163,H,-1,11,7
ESCINFO,ESCINFO-5790,D,3,0,0
ESCINFO,ESCINFO-5619,P,-1,5,3
ESCINFO,ESCINFO-5521,H,-1,1,0
ESCINFO,ESCINFO-5798,P,3,4,0
ESCINFO,ESCINFO-5343,P,1,13,6
ESCINFO,ESCINFO-5269,P,4,1,0
ESCINFO,ESCINFO-5194,P,3,5,3
ESCINFO,ESCINFO-5183,H,1,8,3
ESCINFO,ESCINFO-5506,P,1,2,0
ESCINFO,ESCINFO-5189,D,-1,12,4
ESCINFO,ESCINFO-5171,H,-1,7,4
ESCINFO,ESCINFO-5640,H,3,6,1
ESCINFO,ESCINFO-5224,D,-1,3,1
ESCINFO,ESCINFO-5330,D,-1,3,1
ESCINFO,ESCINFO-5161,P,-1,11,6
ESCINFO,ESCINFO-5612,D,-1,5,1
ESCINFO,ESCINFO-5637,D,-1,8,4
ESCINFO,ESCINFO-5231,D,3,8,1
ESCINFO,ESCINFO-5408,P,-1,9,0
ESCINFO,ESCINFO-5494,P,-1,6,1
ESCINFO,ESCINFO-5799,H,-1,0,0
ESCINFO,ESCINFO-5325,H,-1,2,0
ESCINFO,ESCINFO-5449,D,5,2,0
ESCINFO,ESCINFO-5306,P,5,8,3
ESCINFO,ESCINFO-5757,H,3,7,1
ESCINFO,ESCINFO-5718,D,-1,7,1
ESCINFO,ESCINFO-5428,H,4,5,0
ESCINFO,ESCINFO-5219,D,-1,4,0
ESCINFO,ESCINFO-5551,D,4,11,5
ESCINFO,ESCINFO-5421,H,3,4,2
ESCINFO,ESCINFO-5720,D,-1,9,5
ESCINFO,ESCINFO-5618,P,4,8,2
ESCINFO,ESCINFO-5223,D,1,10,6
ESCINFO,ESCINFO-5220,H,-1,4,0
ESCINFO,ESCINFO-5346,D,1,7,4
ESCINFO,ESCINFO-5136,P,3,4,2
ESCINFO,ESCINFO-5138,H,-1,4,2
ESCINFO,ESCINFO-5158,H,1,3,0
ESCINFO,ESCINFO-5248,H,3,7,2
ESCINFO,ESCINFO-5429,D,-1,13,6
ESCINFO,ESCINFO-5205,P,-1,3,2
ESCINFO,ESCINFO-5468,D,-1,2,0
ESCINFO,ESCINFO-5712,D,1,12,5
ESCINFO,ESCINFO-5656,D,-1,2,0
ESCINFO,ESCINFO-5204,D,-1,12,5
ESCINFO,ESCINFO-5115,D,3,6,0
ESCINFO,ESCINFO-5725,D,-1,14,9
ESCINFO,ESCINFO-5486,P,-1,6,1
ESCINFO,ESCINFO-5135,H,3,2,0
ESCINFO,ESCINFO-5734,H,-1,14,9
ESCINFO,ESCINFO-5697,D,-1,12,7
ESCINFO,ESCINFO-5622,P,-1,2,0
ESCINFO,ESCINFO-5487,P,-1,10,5
ESCINFO,ESCINFO-5336,H,-1,2,0
ESCINFO,ESCINFO-5654,P,3,7,0
ESCINFO,ESCINFO-5111,P,-1,6,1
ESCINFO,ESCINFO-5802,H,-1,2,0
ESCINFO,ESCINFO-5235,H,-1,9,5
ESCINFO,ESCINFO-5357,P,-1,11,7
ESCINFO,ESCINFO-5402,H,-1,5,0
ESCINFO,ESCINFO-5122,D,-1,2,0
ESCINFO,ESCINFO-5113,P,-1,7,2
ESCINFO,ESCINFO-5179,H,1,8,1
ESCINFO,ESCINFO-4460,P,-1,14,6
ESCINFO,ESCINFO-5606,H,-1,5,35
ESCINFO,ESCINFO-5555,P,-1,8,1
ESCINFO,ESCINFO-5214,H,-1,1,0
ESCINFO,ESCINFO-5762,H,3,4,0
ESCINFO,ESCINFO-5631,P,1,8,5
ESCINFO,ESCINFO-5598,H,-1,8,1
ESCINFO,ESCINFO-5700,D,-1,5,1
ESCINFO,ESCINFO-5564,H,1,2,0
ESCINFO,ESCINFO-5561,P,1,5,0
ESCINFO,ESCINFO-5359,P,3,14,8
ESCINFO,ESCINFO-5267,P,-1,0,0
ESCINFO,ESCINFO-5251,D,3,1,0
ESCINFO,ESCINFO-5592,D,-1,4,1
ESCINFO,ESCINFO-5516,D,-1,15,9
ESCINFO,ESCINFO-5388,D,3,0,0
ESCINFO,ESCINFO-5293,P,1,2,0
ESCINFO,ESCINFO-5694,D,-1,5,1
ESCINFO,ESCINFO-5230,H,-1,9,4
ESCINFO,ESCINFO-5147,D,-1,8,1
ESCINFO,ESCINFO-5335,P,-1,9,4
ESCINFO,ESCINFO-5455,H,1,9,5
ESCINFO,ESCINFO-5483,P,-1,18,7
ESCINFO,ESCINFO-5279,D,1,1,0
ESCINFO,ESCINFO-5805,H,-1,5,2
ESCINFO,2920,D,3,5,2
ESCINFO,1024,D,-1,4,1
ESCINFO,ESCINFO-5724,D,1,5,2
ESCINFO,ESCINFO-5188,D,1,6,4
ESCINFO,ESCINFO-5137,H,-1,4,2
ESCINFO,ESCINFO-5198,P,1,8,1
ESCINFO,5107,D,-1,0,0
ESCINFO,ESCINFO-5807,D,1,2,0
ESCINFO,ESCINFO-5746,P,-1,5,1
ESCINFO,ESCINFO-5733,H,-1,1,0
ESCINFO,ESCINFO-5808,P,-1,4,1
ESCINFO,ESCINFO-5129,D,3,1,0
ESCINFO,ESCINFO-5284,H,1,1,0
ESCINFO,ESCINFO-5363,H,3,7,2
ESCINFO,ESCINFO-5433,D,1,2,0
ESCINFO,ESCINFO-5531,H,3,5,3
ESCINFO,ESCINFO-3536,P,-1,14,4
ESCINFO,ESCINFO-1751,H,3,5,1
ESCINFO,ESCINFO-758,P,5,9,3
ESCINFO,ESCINFO-4512,H,-1,4,0
ESCINFO,ESCINFO-4,H,-1,1,0
ESCINFO,ESCINFO-4889,H,1,9,1
ESCINFO,ESCINFO-5814,P,3,4,2
ESCINFO,4470,H,1,7,2
ESCINFO,4865,H,3,21,6
ESCINFO,3260,P,-1,13,6
ESCINFO,ESCINFO-600,P,-1,9,4
ESCINFO,ESCINFO-5686,H,-1,13,8
ESCINFO,309,H,-1,7,2
ESCINFO,ESCINFO-5773,D,1,3,1
ESCINFO,ESCINFO-5342,D,3,3,1
ESCINFO,ESCINFO-5504,P,3,6,4
ESCINFO,ESCINFO-5250,D,1,4,2
ESCINFO,ESCINFO-5155,P,-1,4,0
ESCINFO,ESCINFO-5232,P,-1,2,0
ESCINFO,ESCINFO-5148,P,-1,5,2
ESCINFO,ESCINFO-5478,P,-1,11,6
ESCINFO,ESCINFO-5713,H,-1,4,1
ESCINFO,ESCINFO-5317,H,-1,4,2
ESCINFO,ESCINFO-5458,H,-1,1,0
ESCINFO,ESCINFO-5321,P,-1,7,2
ESCINFO,ESCINFO-5418,H,-1,0,0
ESCINFO,ESCINFO-5153,D,3,3,0
ESCINFO,ESCINFO-5469,H,-1,5,1
ESCINFO,ESCINFO-5162,H,3,30,5
ESCINFO,ESCINFO-5572,D,-1,4,2
ESCINFO,ESCINFO-5215,H,-1,11,7
ESCINFO,ESCINFO-5638,D,-1,4,0
ESCINFO,ESCINFO-5241,P,-1,12,6
ESCINFO,ESCINFO-5169,P,-1,1,0
ESCINFO,ESCINFO-5355,H,-1,11,6
ESCINFO,1382,P,-1,0,0
ESCINFO,1767,D,1,15,7
ESCINFO,ESCINFO-731,P,1,8,3
ESCINFO,ESCINFO-604,P,1,13,4
ESCINFO,ESCINFO-888,H,1,19,5
ESCINFO,ESCINFO-1434,P,3,8,3
ESCINFO,ESCINFO-3657,H,3,5,2
ESCINFO,ESCINFO-1618,D,1,21,9
ESCINFO,ESCINFO-2296,H,-1,11,3
ESCINFO,ESCINFO-2298,D,-1,20,8
ESCINFO,ESCINFO-2462,D,-1,10,3
ESCINFO,ESCINFO-2615,H,3,5,2
ESCINFO,ESCINFO-2645,D,3,6,2
ESCINFO,ESCINFO-2721,H,-1,12,4
ESCINFO,ESCINFO-3034,P,-1,18,6
ESCINFO,ESCINFO-4195,H,1,8,5
ESCINFO,ESCINFO-4281,P,-1,4,1
ESCINFO,ESCINFO-4956,P,1,3,0
ESCINFO,ESCINFO-4958,D,-1,7,1
ESCINFO,ESCINFO-4987,P,-1,3,2
ESCINFO,ESCINFO-5030,D,-1,2,0
ESCINFO,ESCINFO-5768,P,-1,7,4
ESCINFO,ESCINFO-5249,P,-1,9,3
ESCINFO,ESCINFO-5538,D,-1,10,6
ESCINFO,ESCINFO-5566,P,-1,6,0
ESCINFO,ESCINFO-5444,D,-1,4,1
ESCINFO,ESCINFO-5792,H,-1,4,0
ESCINFO,ESCINFO-5645,P,-1,6,4
ESCINFO,ESCINFO-5185,D,-1,4,2
ESCINFO,ESCINFO-5459,D,-1,3,0
ESCINFO,ESCINFO-5263,P,-1,6,0
ESCINFO,ESCINFO-5318,H,-1,13,5
ESCINFO,ESCINFO-5625,P,-1,5,0
ESCINFO,ESCINFO-5431,H,-1,10,6
ESCINFO,ESCINFO-1213,D,-1,15,6
ESCINFO,840,P,-1,4,0
ESCINFO,ESCINFO-3074,D,-1,6,1
ESCINFO,ESCINFO-2318,H,-1,4,2
ESCINFO,ESCINFO-2623,P,3,8,1
ESCINFO,ESCINFO-4455,H,3,20,11
ESCINFO,ESCINFO-4359,D,-1,9,1
ESCINFO,ESCINFO-3460,D,-1,5,3
ESCINFO,ESCINFO-4595,P,3,8,3
ESCINFO,ESCINFO-4835,P,-1,6,1
ESCINFO,ESCINFO-1681,P,3,0,0
ESCINFO,ESCINFO-2653,H,1,4,2
ESCINFO,ESCINFO-3667,H,-1,7,3
ESCINFO,ESCINFO-1532,P,-1,8,1
ESCINFO,ESCINFO-3467,D,-1,14,9
ESCINFO,ESCINFO-1549,H,-1,12,6
ESCINFO,ESCINFO-6432,H,-1,13,7
ESCINFO,ESCINFO-4284,H,-1,6,1
ESCINFO,5204,D,-1,1,0
ESCINFO,ESCINFO-1829,H,3,8,2
ESCINFO,ESCINFO-6101,D,-1,11,6
ESCINFO,ESCINFO-6257,P,-1,3,0
ESCINFO,ESCINFO-6148,H,-1,4,2
ESCINFO,ESCINFO-6149,P,-1,5,3
ESCINFO,ESCINFO-5476,D,-1,3,0
ESCINFO,ESCINFO-5981,P,3,3,1
ESCINFO,ESCINFO-5926,H,-1,7,4
ESCINFO,ESCINFO-6180,H,-1,7,4
ESCINFO,ESCINFO-6158,H,-1,2,0
ESCINFO,ESCINFO-5967,H,-1,12,8
ESCINFO,ESCINFO-6046,P,-1,13,8
ESCINFO,ESCINFO-6410,D,3,3,2
ESCINFO,ESCINFO-5882,P,-1,29,3
ESCINFO,ESCINFO-5911,P,-1,2,0
ESCINFO,ESCINFO-6319,P,3,2,0
ESCINFO,ESCINFO-5946,D,1,3,0
ESCINFO,ESCINFO-6073,H,3,4,0
ESCINFO,ESCINFO-6311,P,-1,5,0
ESCINFO,ESCINFO-6061,P,-1,13,6
ESCINFO,ESCINFO-5936,P,3,7,2
ESCINFO,ESCINFO-5995,H,-1,4,2
ESCINFO,ESCINFO-6107,H,3,9,1
ESCINFO,ESCINFO-5948,D,1,8,3
ESCINFO,ESCINFO-5877,H,3,10,6
ESCINFO,ESCINFO-6125,P,-1,7,2
ESCINFO,ESCINFO-5969,P,3,1,0
ESCINFO,ESCINFO-6000,P,-1,10,6
ESCINFO,ESCINFO-6066,D,-1,2,0
ESCINFO,ESCINFO-6090,D,-1,14,8
ESCINFO,ESCINFO-6268,H,-1,9,1
ESCINFO,ESCINFO-941,P,-1,0,0
ESCINFO,ESCINFO-5897,P,3,3,2
ESCINFO,ESCINFO-5970,H,1,2,0
ESCINFO,ESCINFO-5860,D,3,13,5
ESCINFO,ESCINFO-5669,D,-1,4,2
ESCINFO,ESCINFO-6071,H,-1,7,2
ESCINFO,ESCINFO-6104,D,-1,5,0
ESCINFO,ESCINFO-5929,H,-1,6,1
ESCINFO,ESCINFO-6151,H,-1,11,7
ESCINFO,ESCINFO-6183,H,3,4,1
ESCINFO,ESCINFO-6360,P,-1,8,1
ESCINFO,ESCINFO-6114,D,-1,8,3
ESCINFO,ESCINFO-5823,P,3,14,7
ESCINFO,ESCINFO-6137,H,-1,11,5
ESCINFO,ESCINFO-6152,H,-1,11,7
ESCINFO,ESCINFO-6226,H,-1,3,1
ESCINFO,ESCINFO-6169,H,3,9,6
ESCINFO,ESCINFO-6129,P,3,12,4
ESCINFO,ESCINFO-6366,H,3,2,0
ESCINFO,ESCINFO-6342,D,-1,5,1
ESCINFO,5101,H,-1,4,1
ESCINFO,ESCINFO-5978,D,1,4,1
ESCINFO,ESCINFO-6199,D,-1,5,1
ESCINFO,ESCINFO-6312,D,-1,3,1
ESCINFO,ESCINFO-6448,H,3,2,0
ESCINFO,ESCINFO-5982,H,3,3,1
ESCINFO,ESCINFO-6356,P,-1,15,9
ESCINFO,ESCINFO-4628,P,-1,6,3
ESCINFO,ESCINFO-5072,H,-1,15,10
ESCINFO,ESCINFO-5210,P,-1,4,0
ESCINFO,ESCINFO-5119,P,-1,18,10
ESCINFO,ESCINFO-5353,H,3,8,3
ESCINFO,ESCINFO-5225,D,3,5,2
ESCINFO,ESCINFO-5427,H,4,2,0
ESCINFO,ESCINFO-5879,D,3,4,0
ESCINFO,ESCINFO-6284,D,-1,1,0
ESCINFO,ESCINFO-6422,H,3,4,1
ESCINFO,1451,H,1,3,1
ESCINFO,ESCINFO-5833,H,3,2,0
ESCINFO,ESCINFO-6326,D,-1,14,8
ESCINFO,ESCINFO-5928,P,1,3,0
ESCINFO,ESCINFO-5818,H,-1,8,1
ESCINFO,ESCINFO-6038,P,-1,5,1
ESCINFO,ESCINFO-6179,H,3,36,3
ESCINFO,ESCINFO-6051,H,-1,8,4
ESCINFO,ESCINFO-5985,H,-1,1,0
ESCINFO,ESCINFO-6339,P,-1,6,1
ESCINFO,ESCINFO-6464,P,-1,5,1
ESCINFO,ESCINFO-6115,D,-1,3,1
ESCINFO,ESCINFO-6466,P,-1,12,5
ESCINFO,ESCINFO-6420,P,-1,15,8
ESCINFO,ESCINFO-6223,H,-1,4,0
ESCINFO,ESCINFO-6123,D,3,3,1
ESCINFO,ESCINFO-5958,P,-1,11,5
ESCINFO,ESCINFO-5853,P,-1,1,0
ESCINFO,ESCINFO-5852,P,-1,4,1
ESCINFO,ESCINFO-6372,D,-1,5,1
ESCINFO,ESCINFO-6250,H,-1,6,1
ESCINFO,ESCINFO-5845,P,-1,10,6
ESCINFO,ESCINFO-5728,H,-1,4,0
ESCINFO,ESCINFO-6077,H,-1,7,2
ESCINFO,ESCINFO-6235,P,3,4,2
ESCINFO,ESCINFO-6016,D,-1,0,0
ESCINFO,ESCINFO-6064,D,1,8,0
ESCINFO,ESCINFO-6063,D,1,3,2
ESCINFO,ESCINFO-5840,P,-1,6,3
ESCINFO,ESCINFO-6052,H,-1,6,2
ESCINFO,ESCINFO-5827,D,3,10,4
ESCINFO,ESCINFO-5859,H,-1,0,0
ESCINFO,ESCINFO-6237,P,-1,8,5
ESCINFO,ESCINFO-6467,H,-1,3,0
ESCINFO,ESCINFO-5919,H,-1,13,7
ESCINFO,ESCINFO-5965,H,-1,5,2
ESCINFO,ESCINFO-5979,H,1,8,3
ESCINFO,ESCINFO-6174,P,1,8,2
ESCINFO,ESCINFO-6455,D,-1,12,5
ESCINFO,ESCINFO-5976,D,3,12,6
ESCINFO,ESCINFO-6068,P,-1,6,1
ESCINFO,ESCINFO-5874,P,-1,8,5
ESCINFO,ESCINFO-6207,D,-1,12,7
ESCINFO,ESCINFO-6460,H,-1,4,1
ESCINFO,ESCINFO-1810,P,-1,12,1
ESCINFO,ESCINFO-6468,H,1,2,0
ESCINFO,ESCINFO-6042,D,3,6,1
ESCINFO,ESCINFO-5925,D,3,12,7
ESCINFO,ESCINFO-5885,H,3,4,0
ESCINFO,ESCINFO-6009,H,1,7,3
ESCINFO,ESCINFO-6469,P,-1,0,0
ESCINFO,ESCINFO-6414,H,-1,6,4
ESCINFO,ESCINFO-6470,D,-1,1,0
ESCINFO,ESCINFO-6471,D,3,12,1
ESCINFO,ESCINFO-6310,D,-1,13,7
ESCINFO,ESCINFO-6285,P,-1,5,1
ESCINFO,ESCINFO-6350,D,1,7,1
ESCINFO,ESCINFO-6313,D,3,8,5
ESCINFO,ESCINFO-5751,D,3,6,1
ESCINFO,ESCINFO-5819,D,1,10,5
ESCINFO,ESCINFO-6246,P,-1,2,0
ESCINFO,ESCINFO-6472,H,3,5,1
ESCINFO,ESCINFO-6045,D,-1,6,4
ESCINFO,ESCINFO-6307,P,-1,8,0
ESCINFO,ESCINFO-5973,H,1,10,5
ESCINFO,ESCINFO-6234,H,-1,8,0
ESCINFO,ESCINFO-6203,P,3,11,6
ESCINFO,ESCINFO-6370,D,-1,11,6
ESCINFO,ESCINFO-6314,H,3,3,1
ESCINFO,ESCINFO-5974,D,-1,0,0
ESCINFO,ESCINFO-6117,D,3,9,5
ESCINFO,ESCINFO-5953,D,3,4,1
ESCINFO,ESCINFO-6475,H,1,12,7
ESCINFO,ESCINFO-5904,P,1,8,3
ESCINFO,ESCINFO-5999,D,-1,11,5
ESCINFO,ESCINFO-5938,P,-1,2,0
ESCINFO,ESCINFO-5959,D,1,13,8
ESCINFO,ESCINFO-6018,D,3,15,7
ESCINFO,ESCINFO-6256,H,-1,50,1
ESCINFO,ESCINFO-6056,P,-1,10,6
ESCINFO,ESCINFO-5695,H,-1,3,1
ESCINFO,ESCINFO-6236,P,3,3,0
ESCINFO,ESCINFO-6231,P,3,5,1
ESCINFO,ESCINFO-5997,P,-1,4,0
ESCINFO,ESCINFO-6227,P,-1,3,1
ESCINFO,ESCINFO-6100,P,-1,5,1
ESCINFO,ESCINFO-6214,H,-1,3,1
ESCINFO,ESCINFO-6059,D,-1,15,5
ESCINFO,ESCINFO-6243,D,3,1,0
ESCINFO,ESCINFO-5964,H,-1,8,3
ESCINFO,ESCINFO-6373,P,-1,2,0
ESCINFO,ESCINFO-6034,H,-1,7,2
ESCINFO,ESCINFO-5939,D,3,14,7
ESCINFO,ESCINFO-6080,P,1,6,0
ESCINFO,ESCINFO-6039,D,3,8,2
ESCINFO,ESCINFO-5854,P,-1,6,1
ESCINFO,ESCINFO-6323,D,3,1,0
ESCINFO,ESCINFO-6479,D,-1,4,1
ESCINFO,ESCINFO-5841,P,-1,14,7
ESCINFO,ESCINFO-6476,P,3,3,0
ESCINFO,ESCINFO-6121,P,3,18,11
ESCINFO,ESCINFO-6029,H,-1,7,1
ESCINFO,ESCINFO-5931,H,-1,7,0
ESCINFO,ESCINFO-6188,H,1,4,1
ESCINFO,ESCINFO-6379,H,-1,8,5
ESCINFO,ESCINFO-6394,P,-1,14,9
ESCINFO,ESCINFO-6126,H,1,4,1
ESCINFO,ESCINFO-5820,D,1,7,1
ESCINFO,ESCINFO-5875,H,3,3,0
ESCINFO,ESCINFO-5881,P,3,4,1
ESCINFO,ESCINFO-6208,D,1,9,5
ESCINFO,ESCINFO-6181,P,-1,11,6
ESCINFO,ESCINFO-5821,P,-1,11,5
ESCINFO,ESCINFO-5956,P,-1,4,2
ESCINFO,ESCINFO-6172,H,1,4,0
ESCINFO,ESCINFO-6092,P,3,9,3
ESCINFO,ESCINFO-6190,D,1,6,3
ESCINFO,ESCINFO-6253,H,3,5,2
ESCINFO,ESCINFO-6477,P,3,2,0
ESCINFO,ESCINFO-5987,P,3,6,1
ESCINFO,ESCINFO-6259,P,-1,4,2
ESCINFO,ESCINFO-6096,P,3,5,2
ESCINFO,ESCINFO-5980,D,-1,7,3
ESCINFO,ESCINFO-6054,P,-1,2,0
ESCINFO,ESCINFO-6134,H,-1,4,2
ESCINFO,ESCINFO-6075,D,1,12,4
ESCINFO,ESCINFO-5855,P,1,4,0
ESCINFO,ESCINFO-6085,D,1,4,1
ESCINFO,ESCINFO-6252,P,-1,3,0
ESCINFO,ESCINFO-6128,H,-1,14,6
ESCINFO,ESCINFO-5986,P,3,4,0
ESCINFO,ESCINFO-6156,H,1,1,0
ESCINFO,ESCINFO-6124,H,-1,8,1
ESCINFO,ESCINFO-6161,H,1,8,1
ESCINFO,ESCINFO-6193,P,-1,2,0
ESCINFO,ESCINFO-6113,D,-1,3,1
ESCINFO,ESCINFO-5993,P,-1,6,2
ESCINFO,ESCINFO-6074,P,-1,3,0
ESCINFO,ESCINFO-5998,D,3,0,0
ESCINFO,ESCINFO-6072,D,1,11,6
ESCINFO,ESCINFO-6132,H,-1,5,2
ESCINFO,ESCINFO-6086,D,1,6,3
ESCINFO,ESCINFO-6403,H,-1,15,5
ESCINFO,ESCINFO-5887,D,3,10,4
ESCINFO,ESCINFO-5873,D,1,3,0
ESCINFO,ESCINFO-6084,H,1,5,1
ESCINFO,ESCINFO-6131,P,1,13,7
ESCINFO,ESCINFO-6025,D,3,7,1
ESCINFO,ESCINFO-6067,P,1,9,4
ESCINFO,ESCINFO-5922,H,1,9,5
ESCINFO,ESCINFO-6040,H,1,15,8
ESCINFO,ESCINFO-6155,H,1,5,2
ESCINFO,ESCINFO-5915,D,1,7,1
ESCINFO,ESCINFO-6481,D,3,11,1
ESCINFO,ESCINFO-6176,H,1,9,5
ESCINFO,ESCINFO-3406,P,1,13,6
ESCINFO,ESCINFO-6486,D,1,4,0
ESCINFO,ESCINFO-6487,D,1,11,5
ESCINFO,ESCINFO-6417,P,1,9,1
ESCINFO,ESCINFO-5950,P,3,4,0
ESCINFO,ESCINFO-5866,D,1,5,2
ESCINFO,ESCINFO-6273,H,3,15,8
ESCINFO,ESCINFO-6043,D,3,5,0
ESCINFO,ESCINFO-6210,P,3,4,1
ESCINFO,ESCINFO-6447,H,3,3,1
ESCINFO,ESCINFO-5303,H,1,5,1
ESCINFO,ESCINFO-5234,P,-1,6,0
ESCINFO,ESCINFO-4582,D,-1,15,8
ESCINFO,ESCINFO-1168,D,1,14,7
ESCINFO,ESCINFO-5930,D,3,5,1
ESCINFO,ESCINFO-6298,P,3,2,0
ESCINFO,ESCINFO-6488,P,1,7,1
ESCINFO,ESCINFO-6423,P,-1,14,8
ESCINFO,ESCINFO-4749,H,1,8,2
ESCINFO,944,H,-1,1,0
ESCINFO,ESCINFO-4204,H,1,9,4
ESCINFO,ESCINFO-4891,P,3,2,0
ESCINFO,5689,D,1,2,1
ESCINFO,ESCINFO-1992,D,-1,11,3
ESCINFO,ESCINFO-4192,D,1,5,1
ESCINFO,981,H,-1,19,9
ESCINFO,ESCINFO-5543,H,-1,32,3
ESCINFO,ESCINFO-5777,D,3,7,1
ESCINFO,ESCINFO-5244,D,3,8,0
ESCINFO,ESCINFO-5533,P,3,6,2
ESCINFO,ESCINFO-2369,H,1,14,4
ESCINFO,ESCINFO-5791,D,3,5,1
ESCINFO,ESCINFO-5796,D,1,1,0
ESCINFO,ESCINFO-1283,H,3,1,0
ESCINFO,ESCINFO-5266,H,-1,8,1
ESCINFO,ESCINFO-5265,P,-1,0,0
ESCINFO,ESCINFO-5131,D,1,5,1
ESCINFO,ESCINFO-5264,H,1,7,3
ESCINFO,ESCINFO-1665,P,1,14,7
ESCINFO,ESCINFO-5463,H,-1,0,0
ESCINFO,ESCINFO-5525,D,1,8,5
ESCINFO,ESCINFO-5578,D,1,0,0
ESCINFO,ESCINFO-5340,P,1,7,1
ESCINFO,ESCINFO-3585,P,1,16,4
ESCINFO,ESCINFO-5186,H,1,1,0
ESCINFO,3219,P,3,12,6
ESCINFO,ESCINFO-5182,H,1,1,0
ESCINFO,ESCINFO-4506,H,3,7,0
ESCINFO,ESCINFO-5257,D,-1,8,3
ESCINFO,ESCINFO-4851,D,5,1,0
ESCINFO,ESCINFO-5166,H,5,7,1
ESCINFO,ESCINFO-5472,P,3,8,5
ESCINFO,ESCINFO-5465,D,1,6,1
ESCINFO,ESCINFO-5419,D,1,2,0
ESCINFO,ESCINFO-5411,D,3,0,0
ESCINFO,ESCINFO-5996,H,3,7,1
ESCINFO,ESCINFO-4184,P,3,5,1
ESCINFO,ESCINFO-6275,P,-1,5,1
ESCINFO,ESCINFO-5920,H,1,5,1
ESCINFO,ESCINFO-6028,P,3,12,6
ESCINFO,1687,H,1,4,2
ESCINFO,ESCINFO-5921,D,1,8,1
ESCINFO,ESCINFO-5868,D,1,6,2
ESCINFO,ESCINFO-6049,P,-1,5,3
ESCINFO,ESCINFO-6031,D,1,3,2
ESCINFO,ESCINFO-6178,H,1,13,7
ESCINFO,ESCINFO-6097,P,3,10,5
ESCINFO,1576,P,1,9,3
ESCINFO,ESCINFO-5130,P,1,6,1
ESCINFO,ESCINFO-5282,H,1,1,0
ESCINFO,ESCINFO-2771,H,1,12,6
ESCINFO,ESCINFO-4463,D,3,0,0
ESCINFO,ESCINFO-3648,D,3,4,1
ESCINFO,ESCINFO-3469,D,-1,0,0
ESCINFO,ESCINFO-1555,D,3,20,7
ESCINFO,ESCINFO-5245,H,3,6,1
ESCINFO,ESCINFO-5466,D,1,1,0
ESCINFO,ESCINFO-5319,D,3,8,4
ESCINFO,ESCINFO-3781,H,-1,11,3
ESCINFO,ESCINFO-5329,H,3,4,2
ESCINFO,ESCINFO-4206,P,1,12,7
ESCINFO,ESCINFO-5666,P,3,1,0
ESCINFO,ESCINFO-2914,D,1,15,4
ESCINFO,ESCINFO-4988,D,1,6,3
ESCINFO,ESCINFO-4551,H,3,12,7
ESCINFO,ESCINFO-2443,P,3,9,5
ESCINFO,ESCINFO-5345,H,3,8,3
ESCINFO,ESCINFO-5277,H,3,13,7
ESCINFO,ESCINFO-5261,H,1,4,1
ESCINFO,ESCINFO-5772,P,1,13,7
ESCINFO,1057,D,1,6,1
ESCINFO,ESCINFO-3511,H,-1,6,0
ESCINFO,ESCINFO-5221,D,3,4,1
ESCINFO,ESCINFO-1116,D,1,3,0
ESCINFO,ESCINFO-2411,D,-1,7,0
ESCINFO,ESCINFO-895,H,1,0,0
ESCINFO,ESCINFO-630,P,3,3,1
ESCINFO,ESCINFO-733,H,3,4,1
ESCINFO,ESCINFO-3390,H,-1,14,4
ESCINFO,ESCINFO-1351,H,1,6,2
ESCINFO,ESCINFO-5392,H,-1,8,1
ESCINFO,ESCINFO-5623,H,5,11,6
ESCINFO,ESCINFO-4604,H,1,9,4
ESCINFO,ESCINFO-3529,P,1,24,7
ESCINFO,3428,D,1,5,2
ESCINFO,ESCINFO-4182,D,3,2,0
ESCINFO,6697,P,1,11,6
ESCINFO,ESCINFO-5333,P,3,12,6
ESCINFO,ESCINFO-5039,D,1,8,5
ESCINFO,ESCINFO-5663,H,1,8,1
ESCINFO,ESCINFO-5738,H,1,1,0
ESCINFO,ESCINFO-5112,H,-1,14,8
ESCINFO,ESCINFO-5367,P,-1,41,1
ESCINFO,ESCINFO-4193,P,-1,1,0
ESCINFO,5130,P,3,7,2
ESCINFO,ESCINFO-3682,H,1,14,4
ESCINFO,ESCINFO-3503,P,1,9,3
ESCINFO,459,D,1,4,1
ESCINFO,1666,H,1,7,2
ESCINFO,ESCINFO-4411,P,1,1,0
ESCINFO,ESCINFO-3456,D,3,7,4
ESCINFO,1772,H,1,11,3
ESCINFO,ESCINFO-5628,D,1,3,0
ESCINFO,ESCINFO-5142,H,1,1,0
ESCINFO,ESCINFO-4832,H,1,3,0
ESCINFO,ESCINFO-5383,H,1,17,8
ESCINFO,ESCINFO-5286,P,1,8,2
ESCINFO,ESCINFO-4259,H,-1,4,1
ESCINFO,ESCINFO-5784,P,3,7,3
ESCINFO,ESCINFO-2931,P,3,8,4
ESCINFO,ESCINFO-6003,P,3,10,7
ESCINFO,ESCINFO-5034,P,1,4,0
ESCINFO,ESCINFO-5010,H,1,3,0
ESCINFO,ESCINFO-5864,H,-1,8,1
ESCINFO,ESCINFO-5616,H,3,2,0
ESCINFO,ESCINFO-5268,D,3,2,0
ESCINFO,ESCINFO-7229,D,3,8,5
ESCINFO,1674,D,1,7,0
ESCINFO,ESCINFO-3438,H,1,6,1
ESCINFO,ESCINFO-3458,P,1,7,1
ESCINFO,ESCINFO-5015,H,3,4,0
ESCINFO,ESCINFO-4864,P,1,5,3
ESCINFO,ESCINFO-3534,H,1,4,2
ESCINFO,ESCINFO-5800,H,-1,3,0
ESCINFO,5222,P,3,5,1
ESCINFO,728,H,1,13,5
ESCINFO,ESCINFO-6539,D,3,13,5
ESCINFO,ESCINFO-6538,H,1,10,5
ESCINFO,ESCINFO-7110,H,1,13,7
ESCINFO,ESCINFO-6574,P,3,6,4
ESCINFO,ESCINFO-6603,D,3,3,0
ESCINFO,ESCINFO-6106,D,3,8,1
ESCINFO,ESCINFO-7234,D,1,17,9
ESCINFO,ESCINFO-6053,D,-1,8,1
ESCINFO,ESCINFO-6327,D,4,3,1
ESCINFO,ESCINFO-7049,D,1,14,7
ESCINFO,ESCINFO-6699,H,1,8,2
ESCINFO,ESCINFO-6969,D,-1,2,0
ESCINFO,ESCINFO-5949,D,1,6,1
ESCINFO,ESCINFO-6975,D,1,7,2
ESCINFO,ESCINFO-6533,D,1,13,4
ESCINFO,ESCINFO-6550,P,3,5,0
ESCINFO,ESCINFO-7237,D,3,1,0
ESCINFO,ESCINFO-7238,H,1,11,4
ESCINFO,ESCINFO-5834,D,-1,6,1
ESCINFO,ESCINFO-7204,D,-1,10,2
ESCINFO,ESCINFO-4871,H,1,3,1
ESCINFO,ESCINFO-7052,P,-1,7,1
ESCINFO,ESCINFO-5903,D,-1,7,4
ESCINFO,ESCINFO-7236,P,3,4,0
ESCINFO,ESCINFO-2777,H,1,13,7
ESCINFO,ESCINFO-5829,D,3,4,1
ESCINFO,ESCINFO-7016,H,1,5,1
ESCINFO,ESCINFO-6568,D,3,8,4
ESCINFO,ESCINFO-6507,H,1,5,1
ESCINFO,ESCINFO-6499,H,1,7,3
ESCINFO,ESCINFO-7231,P,1,12,8
ESCINFO,ESCINFO-6618,D,1,6,1
ESCINFO,ESCINFO-7073,P,3,3,0
ESCINFO,ESCINFO-6700,P,-1,11,1
ESCINFO,ESCINFO-6023,P,3,3,1
ESCINFO,ESCINFO-6626,P,3,2,0
ESCINFO,ESCINFO-6195,P,1,3,0
ESCINFO,ESCINFO-5471,D,3,4,2
ESCINFO,1527,P,1,10,5
ESCINFO,ESCINFO-6947,D,3,3,1
ESCINFO,ESCINFO-7228,H,1,0,0
ESCINFO,ESCINFO-1112,H,5,3,2
ESCINFO,ESCINFO-3607,H,5,13,6
ESCINFO,ESCINFO-6612,D,3,9,4
ESCINFO,ESCINFO-5011,D,-1,4,2
ESCINFO,ESCINFO-7156,D,-1,8,1
ESCINFO,ESCINFO-5042,P,3,4,2
ESCINFO,ESCINFO-6775,D,1,6,2
ESCINFO,ESCINFO-7245,H,1,6,1
ESCINFO,ESCINFO-6719,H,3,6,3
ESCINFO,ESCINFO-6860,D,4,8,1
ESCINFO,ESCINFO-6606,H,3,3,1
ESCINFO,ESCINFO-6668,H,1,3,2
ESCINFO,ESCINFO-6927,H,3,4,2
ESCINFO,ESCINFO-7241,P,1,8,3
ESCINFO,ESCINFO-7240,H,3,4,0
ESCINFO,ESCINFO-6805,D,-1,2,0
ESCINFO,ESCINFO-6730,H,1,6,1
ESCINFO,ESCINFO-6838,P,3,4,1
ESCINFO,ESCINFO-6816,H,1,11,7
ESCINFO,ESCINFO-6569,H,-1,5,2
ESCINFO,ESCINFO-6587,P,1,4,1
ESCINFO,ESCINFO-6781,D,-1,8,4
ESCINFO,ESCINFO-7028,H,-1,4,2
ESCINFO,ESCINFO-6636,D,-1,3,1
ESCINFO,ESCINFO-6643,H,-1,3,0
ESCINFO,ESCINFO-6566,P,-1,7,1
ESCINFO,ESCINFO-6515,H,-1,2,0
ESCINFO,ESCINFO-7121,D,-1,12,2
ESCINFO,ESCINFO-6902,P,-1,6,2
ESCINFO,ESCINFO-6663,D,-1,5,1
ESCINFO,ESCINFO-6680,D,-1,3,1
ESCINFO,ESCINFO-7038,H,-1,0,0
ESCINFO,ESCINFO-7029,H,-1,8,1
ESCINFO,ESCINFO-6746,H,-1,2,0
ESCINFO,ESCINFO-6518,P,-1,3,0
ESCINFO,ESCINFO-6629,H,-1,5,1
ESCINFO,ESCINFO-6645,H,-1,9,5
ESCINFO,ESCINFO-6903,H,-1,16,8
ESCINFO,ESCINFO-6742,D,-1,9,2
ESCINFO,ESCINFO-6765,D,-1,11,6
ESCINFO,ESCINFO-6979,H,-1,15,7
ESCINFO,ESCINFO-7247,H,-1,5,1
ESCINFO,ESCINFO-7246,D,-1,2,0
ESCINFO,ESCINFO-6649,H,-1,11,4
ESCINFO,ESCINFO-6839,D,-1,6,1
ESCINFO,ESCINFO-6683,H,-1,8,5
ESCINFO,ESCINFO-6802,P,-1,7,0
ESCINFO,ESCINFO-6653,H,-1,3,1
ESCINFO,ESCINFO-6978,D,-1,11,6
ESCINFO,ESCINFO-6787,D,-1,11,5
ESCINFO,ESCINFO-6847,P,-1,6,1
ESCINFO,ESCINFO-6747,H,-1,31,0
ESCINFO,ESCINFO-7170,P,-1,2,0
ESCINFO,ESCINFO-6841,P,-1,5,1
ESCINFO,ESCINFO-6631,H,-1,11,6
ESCINFO,ESCINFO-6997,P,-1,1,0
ESCINFO,ESCINFO-6671,H,-1,17,8
ESCINFO,ESCINFO-7232,P,-1,8,1
ESCINFO,ESCINFO-7235,H,-1,5,2
ESCINFO,ESCINFO-6918,H,-1,2,0
ESCINFO,ESCINFO-7076,D,-1,8,1
ESCINFO,ESCINFO-7227,D,-1,9,3
ESCINFO,ESCINFO-7233,H,-1,11,6
ESCINFO,ESCINFO-6592,P,-1,10,5
ESCINFO,ESCINFO-6623,H,-1,5,3
ESCINFO,ESCINFO-6948,H,-1,7,3
ESCINFO,ESCINFO-6909,P,-1,5,1
ESCINFO,ESCINFO-7163,D,-1,7,1
ESCINFO,ESCINFO-6696,P,-1,8,2
ESCINFO,ESCINFO-6573,H,-1,3,0
ESCINFO,ESCINFO-2385,P,-1,7,1
ESCINFO,ESCINFO-6785,H,-1,7,1
ESCINFO,ESCINFO-4931,D,-1,9,1
ESCINFO,ESCINFO-4936,P,-1,6,2
ESCINFO,ESCINFO-3311,H,-1,13,4
ESCINFO,ESCINFO-6496,D,-1,14,8
ESCINFO,ESCINFO-6615,H,-1,13,5
ESCINFO,ESCINFO-6498,H,-1,4,1
ESCINFO,ESCINFO-6718,H,-1,8,4
ESCINFO,ESCINFO-6871,H,-1,5,1
ESCINFO,ESCINFO-6641,P,-1,3,2
ESCINFO,ESCINFO-6793,P,-1,8,1
ESCINFO,ESCINFO-7175,D,-1,8,1
ESCINFO,ESCINFO-6812,P,-1,8,5
ESCINFO,ESCINFO-7122,D,-1,1,0
ESCINFO,ESCINFO-7097,D,-1,7,3
ESCINFO,ESCINFO-6769,D,-1,3,0
ESCINFO,ESCINFO-6986,D,-1,8,1
ESCINFO,ESCINFO-6557,H,-1,9,5
ESCINFO,ESCINFO-6607,D,-1,11,6
ESCINFO,ESCINFO-7250,P,-1,8,4
ESCINFO,ESCINFO-6715,D,-1,4,1
ESCINFO,ESCINFO-6879,H,-1,11,5
ESCINFO,ESCINFO-6586,P,-1,8,2
ESCINFO,ESCINFO-7159,P,-1,5,0
ESCINFO,ESCINFO-6494,H,-1,13,7
ESCINFO,ESCINFO-6735,D,-1,6,4
ESCINFO,ESCINFO-6666,P,-1,5,2
ESCINFO,ESCINFO-7167,D,-1,6,1
ESCINFO,ESCINFO-6591,P,-1,3,1
ESCINFO,ESCINFO-6540,H,-1,6,3
ESCINFO,ESCINFO-7222,H,-1,1,0
ESCINFO,ESCINFO-6919,P,-1,6,1
ESCINFO,ESCINFO-6953,P,-1,6,1
ESCINFO,ESCINFO-6766,D,-1,2,0
ESCINFO,ESCINFO-6865,H,-1,9,1
ESCINFO,ESCINFO-6006,H,-1,5,1
ESCINFO,ESCINFO-7171,D,-1,4,1
ESCINFO,ESCINFO-6690,D,-1,13,6
ESCINFO,ESCINFO-5918,P,-1,4,0
ESCINFO,ESCINFO-6595,D,-1,12,7
ESCINFO,ESCINFO-6971,H,-1,2,0
ESCINFO,ESCINFO-6815,P,-1,8,1
ESCINFO,ESCINFO-6564,D,-1,3,1
ESCINFO,ESCINFO-7127,H,-1,5,3
ESCINFO,ESCINFO-6943,H,-1,7,1
ESCINFO,ESCINFO-6736,P,-1,6,3
ESCINFO,ESCINFO-6697,P,-1,8,1
ESCINFO,ESCINFO-6737,D,-1,4,0
ESCINFO,ESCINFO-6866,P,-1,7,2
ESCINFO,ESCINFO-6912,H,-1,5,1
ESCINFO,ESCINFO-6749,H,-1,14,8
ESCINFO,ESCINFO-7055,P,-1,0,0
ESCINFO,ESCINFO-7154,H,-1,12,6
ESCINFO,ESCINFO-6991,H,-1,11,4
ESCINFO,ESCINFO-6652,D,3,0,0
ESCINFO,ESCINFO-6528,P,-1,47,3
ESCINFO,ESCINFO-6553,H,-1,8,5
ESCINFO,ESCINFO-6685,P,-1,5,3
ESCINFO,ESCINFO-6497,H,-1,3,0
ESCINFO,ESCINFO-6534,D,-1,8,0
ESCINFO,ESCINFO-6288,D,-1,12,7
ESCINFO,ESCINFO-6676,P,-1,0,0
ESCINFO,ESCINFO-6724,P,-1,11,4
ESCINFO,ESCINFO-6893,D,-1,9,0
ESCINFO,ESCINFO-6796,P,-1,1,0
ESCINFO,ESCINFO-6942,H,-1,7,4
ESCINFO,ESCINFO-6616,D,-1,8,1
ESCINFO,ESCINFO-6482,D,-1,3,0
ESCINFO,ESCINFO-6624,P,-1,4,0
ESCINFO,ESCINFO-6583,P,-1,6,4
ESCINFO,ESCINFO-6710,P,-1,8,3
ESCINFO,ESCINFO-7005,P,-1,8,5
ESCINFO,ESCINFO-6734,P,-1,2,0
ESCINFO,ESCINFO-6567,P,-1,3,1
ESCINFO,ESCINFO-6851,D,-1,2,0
ESCINFO,ESCINFO-7118,D,-1,6,2
ESCINFO,ESCINFO-6784,P,-1,4,0
ESCINFO,ESCINFO-5972,H,-1,7,2
ESCINFO,ESCINFO-6764,D,-1,5,2
ESCINFO,ESCINFO-7024,D,-1,5,1
ESCINFO,ESCINFO-7252,D,-1,6,3
ESCINFO,ESCINFO-6803,P,-1,4,2
ESCINFO,ESCINFO-7017,H,-1,0,0
ESCINFO,ESCINFO-6579,D,-1,9,2
ESCINFO,ESCINFO-7010,P,4,8,1
ESCINFO,ESCINFO-6849,H,-1,5,1
ESCINFO,ESCINFO-7253,D,-1,9,1
ESCINFO,ESCINFO-6798,P,-1,9,3
ESCINFO,ESCINFO-6695,H,-1,8,5
ESCINFO,ESCINFO-7254,D,-1,14,5
ESCINFO,ESCINFO-6932,H,-1,6,1
ESCINFO,ESCINFO-7255,D,-1,15,5
ESCINFO,ESCINFO-7041,P,-1,5,2
ESCINFO,ESCINFO-6770,D,-1,2,0
ESCINFO,ESCINFO-6654,D,-1,6,4
ESCINFO,ESCINFO-6619,D,-1,12,6
ESCINFO,ESCINFO-6876,H,-1,13,5
ESCINFO,ESCINFO-6931,H,-1,2,0
ESCINFO,ESCINFO-6729,P,-1,6,3
ESCINFO,ESCINFO-6824,D,-1,10,5
ESCINFO,ESCINFO-6609,P,-1,14,9
ESCINFO,ESCINFO-6657,P,-1,16,10
ESCINFO,ESCINFO-7174,D,-1,10,2
ESCINFO,ESCINFO-6602,H,-1,4,1
ESCINFO,ESCINFO-6173,D,-1,6,1
ESCINFO,ESCINFO-6911,H,-1,1,0
ESCINFO,ESCINFO-7256,H,-1,8,1
ESCINFO,ESCINFO-6705,P,-1,11,5
ESCINFO,ESCINFO-7031,D,-1,7,1
ESCINFO,ESCINFO-6511,H,-1,7,3
ESCINFO,ESCINFO-6245,P,-1,6,1
ESCINFO,ESCINFO-7213,P,4,6,0
ESCINFO,ESCINFO-6516,H,-1,5,3
ESCINFO,ESCINFO-7113,D,-1,6,0
ESCINFO,ESCINFO-6890,H,-1,3,0
ESCINFO,ESCINFO-6939,P,-1,8,4
ESCINFO,ESCINFO-6673,P,-1,5,3
ESCINFO,ESCINFO-6780,H,-1,12,6
ESCINFO,ESCINFO-7143,P,4,7,4
ESCINFO,ESCINFO-6958,H,-1,4,1
ESCINFO,ESCINFO-6955,H,-1,11,5
ESCINFO,ESCINFO-6687,H,-1,4,1
ESCINFO,ESCINFO-6717,H,-1,12,7
ESCINFO,ESCINFO-6961,H,-1,5,2
ESCINFO,ESCINFO-6620,P,4,5,3
ESCINFO,ESCINFO-5878,D,-1,9,4
ESCINFO,ESCINFO-6501,D,-1,8,2
ESCINFO,ESCINFO-6810,H,-1,0,3
ESCINFO,ESCINFO-4371,D,-1,10,6
ESCINFO,ESCINFO-7259,D,-1,3,0
ESCINFO,ESCINFO-6814,H,-1,14,7
ESCINFO,ESCINFO-4994,H,-1,15,10
ESCINFO,ESCINFO-6682,P,-1,5,0
ESCINFO,ESCINFO-6844,P,-1,5,2
ESCINFO,ESCINFO-6852,P,-1,3,2
ESCINFO,ESCINFO-6881,D,-1,13,7
ESCINFO,ESCINFO-6776,H,-1,11,4
ESCINFO,ESCINFO-6861,D,-1,7,4
ESCINFO,ESCINFO-7178,H,-1,6,2
ESCINFO,ESCINFO-6862,P,-1,6,1
ESCINFO,ESCINFO-7032,D,-1,8,1
ESCINFO,ESCINFO-6675,H,-1,7,4
ESCINFO,ESCINFO-6565,P,-1,8,4
ESCINFO,ESCINFO-7148,H,-1,6,4
ESCINFO,ESCINFO-6973,P,4,3,1
ESCINFO,ESCINFO-6850,H,-1,4,2
ESCINFO,ESCINFO-6864,P,-1,8,2
ESCINFO,ESCINFO-7220,H,-1,7,1
ESCINFO,ESCINFO-7114,H,-1,10,4
ESCINFO,ESCINFO-4242,P,-1,9,5
ESCINFO,ESCINFO-6845,D,-1,9,3
ESCINFO,ESCINFO-6833,D,-1,7,1
ESCINFO,ESCINFO-7081,H,-1,5,3
ESCINFO,ESCINFO-6570,P,-1,1,0
ESCINFO,ESCINFO-6604,P,-1,5,0
ESCINFO,ESCINFO-6937,D,-1,8,2
ESCINFO,ESCINFO-6797,D,-1,8,1
ESCINFO,ESCINFO-7008,H,-1,13,8
ESCINFO,ESCINFO-7155,H,-1,4,2
ESCINFO,ESCINFO-6856,P,-1,9,6
ESCINFO,ESCINFO-6714,P,-1,6,2
ESCINFO,ESCINFO-6580,H,-1,8,4
ESCINFO,ESCINFO-6597,H,-1,15,7
ESCINFO,ESCINFO-7179,H,-1,14,8
ESCINFO,ESCINFO-6763,P,-1,5,1
ESCINFO,ESCINFO-6635,D,-1,12,4
ESCINFO,ESCINFO-6594,P,-1,5,3
ESCINFO,ESCINFO-7069,H,-1,4,0
ESCINFO,ESCINFO-6778,H,-1,3,1
ESCINFO,ESCINFO-6706,H,-1,10,4
ESCINFO,ESCINFO-6767,D,-1,3,0
ESCINFO,ESCINFO-6521,H,-1,12,6
ESCINFO,ESCINFO-7164,D,-1,3,1
ESCINFO,ESCINFO-6985,D,-1,6,4
ESCINFO,ESCINFO-7061,P,-1,12,6
ESCINFO,ESCINFO-7060,H,-1,7,3
ESCINFO,ESCINFO-6795,P,-1,6,1
ESCINFO,ESCINFO-7080,H,-1,5,1
ESCINFO,ESCINFO-7040,P,-1,7,3
ESCINFO,ESCINFO-7215,D,-1,7,4
ESCINFO,ESCINFO-6508,P,-1,1,0
ESCINFO,ESCINFO-6930,D,-1,4,1
ESCINFO,ESCINFO-6828,D,-1,18,7
ESCINFO,ESCINFO-6790,P,-1,4,2
ESCINFO,ESCINFO-6837,D,-1,10,5
ESCINFO,ESCINFO-6661,H,-1,7,3
ESCINFO,ESCINFO-6949,D,-1,8,4
ESCINFO,ESCINFO-6789,P,-1,13,7
ESCINFO,ESCINFO-6725,D,-1,6,1
ESCINFO,ESCINFO-6897,H,-1,4,2
ESCINFO,ESCINFO-6510,D,-1,7,3
ESCINFO,ESCINFO-7262,H,-1,6,3
ESCINFO,ESCINFO-7051,D,-1,7,1
ESCINFO,ESCINFO-6613,H,-1,2,1
ESCINFO,ESCINFO-7158,P,-1,10,5
ESCINFO,ESCINFO-6992,D,-1,6,3
ESCINFO,ESCINFO-7263,H,-1,1,0
ESCINFO,ESCINFO-6972,D,-1,2,0
ESCINFO,ESCINFO-6993,D,-1,1,0
ESCINFO,ESCINFO-7142,H,-1,0,8
ESCINFO,ESCINFO-6679,D,-1,13,5
ESCINFO,ESCINFO-6732,D,-1,7,4
ESCINFO,ESCINFO-6885,P,-1,7,3
ESCINFO,ESCINFO-6681,H,4,11,7
ESCINFO,ESCINFO-6995,D,3,14,7
ESCINFO,ESCINFO-6596,P,-1,7,4
ESCINFO,ESCINFO-6987,H,-1,18,11
ESCINFO,ESCINFO-6740,P,-1,13,7
ESCINFO,ESCINFO-6632,H,-1,8,3
ESCINFO,ESCINFO-7119,P,-1,12,6
ESCINFO,ESCINFO-7173,D,-1,10,6
ESCINFO,ESCINFO-6840,D,-1,3,1
ESCINFO,ESCINFO-6772,H,-1,10,4
ESCINFO,ESCINFO-6801,P,-1,7,3
ESCINFO,ESCINFO-6145,D,-1,2,0
ESCINFO,ESCINFO-7126,P,4,13,8
ESCINFO,ESCINFO-6634,D,-1,5,2
ESCINFO,ESCINFO-6977,P,4,11,5
ESCINFO,ESCINFO-6744,P,-1,8,1
ESCINFO,ESCINFO-7217,H,-1,5,1
ESCINFO,ESCINFO-3777,P,-1,10,2
ESCINFO,ESCINFO-6547,P,4,14,9
ESCINFO,ESCINFO-5420,P,4,8,3
ESCINFO,ESCINFO-5195,P,4,12,5
ESCINFO,ESCINFO-5332,P,-1,14,6
ESCINFO,ESCINFO-5542,D,-1,3,0
ESCINFO,ESCINFO-5178,H,-1,38,6
ESCINFO,ESCINFO-5556,H,3,7,1
ESCINFO,ESCINFO-5647,P,1,6,1
ESCINFO,ESCINFO-5660,D,-1,10,4
ESCINFO,ESCINFO-5741,P,-1,1,0
ESCINFO,ESCINFO-1294,P,-1,12,5
ESCINFO,ESCINFO-1367,P,-1,13,5
ESCINFO,ESCINFO-5467,D,-1,12,8
ESCINFO,ESCINFO-5498,P,-1,4,1
ESCINFO,ESCINFO-5679,P,-1,6,4
ESCINFO,ESCINFO-5193,P,4,3,2
ESCINFO,ESCINFO-5199,H,-1,10,4
ESCINFO,ESCINFO-5424,P,4,9,4
ESCINFO,ESCINFO-5489,H,4,6,1
ESCINFO,ESCINFO-5536,D,-1,13,7
ESCINFO,ESCINFO-5717,H,4,5,1
ESCINFO,ESCINFO-5058,H,4,10,6
ESCINFO,ESCINFO-5658,H,-1,6,4
ESCINFO,ESCINFO-5703,H,4,12,6
ESCINFO,4996,H,4,2,0
ESCINFO,ESCINFO-5812,H,-1,4,1
ESCINFO,ESCINFO-2270,H,4,3,1
ESCINFO,ESCINFO-877,H,-1,2,1
ESCINFO,ESCINFO-5416,P,-1,8,5
ESCINFO,ESCINFO-2546,P,4,2,0
ESCINFO,ESCINFO-5168,P,-1,7,5
ESCINFO,ESCINFO-5334,H,-1,6,3
ESCINFO,ESCINFO-5412,H,4,5,3
ESCINFO,ESCINFO-5635,H,-1,6,1
ESCINFO,ESCINFO-5609,D,-1,6,2
ESCINFO,ESCINFO-5603,D,-1,1,0
ESCINFO,ESCINFO-5719,D,-1,15,5
ESCINFO,5863,H,4,9,3
ESCINFO,ESCINFO-5352,H,4,5,2
ESCINFO,ESCINFO-5688,H,4,10,6
ESCINFO,ESCINFO-5723,H,-1,5,3
ESCINFO,ESCINFO-5152,H,-1,8,2
ESCINFO,ESCINFO-5722,H,-1,14,6
ESCINFO,ESCINFO-5559,H,-1,8,3
ESCINFO,ESCINFO-5742,H,-1,0,0
ESCINFO,ESCINFO-5704,D,-1,12,5
ESCINFO,ESCINFO-5705,H,-1,14,7
ESCINFO,ESCINFO-5211,H,-1,10,5
ESCINFO,ESCINFO-5518,H,-1,14,6
ESCINFO,ESCINFO-5782,P,-1,5,1
ESCINFO,ESCINFO-5305,H,4,9,2
ESCINFO,ESCINFO-5593,H,4,5,0
ESCINFO,ESCINFO-826,D,-1,13,5
ESCINFO,5003,H,4,7,3
ESCINFO,1764,D,-1,13,4
ESCINFO,ESCINFO-7268,D,-1,0,0
ESCINFO,ESCINFO-7269,H,-1,3,0
ESCINFO,ESCINFO-1363,H,4,3,1
ESCINFO,ESCINFO-1173,P,-1,2,1
ESCINFO,ESCINFO-7270,P,-1,6,4
ESCINFO,ESCINFO-7272,P,-1,4,2
ESCINFO,5606,P,3,4,1
ESCINFO,ESCINFO-5778,P,3,6,1
ESCINFO,1711,H,-1,19,9
ESCINFO,ESCINFO-5172,D,-1,8,1
ESCINFO,ESCINFO-4621,P,-1,19,10
ESCINFO,ESCINFO-5339,D,-1,1,0
ESCINFO,ESCINFO-5701,H,3,14,6
ESCINFO,ESCINFO-4275,H,4,5,0
ESCINFO,ESCINFO-5348,P,4,11,5
ESCINFO,ESCINFO-4682,P,-1,4,2
ESCINFO,ESCINFO-7274,P,-1,25,0
ESCINFO,ESCINFO-5776,D,-1,2,0
ESCINFO,ESCINFO-7276,P,-1,8,3
ESCINFO,ESCINFO-6320,P,4,4,1
ESCINFO,ESCINFO-2941,D,4,26,8
ESCINFO,5060,D,-1,6,3
ESCINFO,ESCINFO-7279,D,-1,9,1
ESCINFO,1488,D,1,3,0
ESCINFO,ESCINFO-3684,P,-1,11,5
ESCINFO,ESCINFO-8109,P,4,5,0
ESCINFO,ESCINFO-8110,P,-1,8,0
ESCINFO,ESCINFO-7021,D,3,2,0
ESCINFO,ESCINFO-8115,D,-1,6,3
ESCINFO,1568,P,4,4,1
ESCINFO,ESCINFO-6418,H,-1,8,4
ESCINFO,ESCINFO-4446,H,3,0,0
ESCINFO,ESCINFO-8120,D,1,15,9
ESCINFO,ESCINFO-4497,H,4,8,5
ESCINFO,ESCINFO-6585,H,-1,6,2
ESCINFO,ESCINFO-3379,D,-1,12,6
ESCINFO,ESCINFO-1605,D,-1,0,0
ESCINFO,ESCINFO-6572,D,-1,7,2
ESCINFO,ESCINFO-6777,H,-1,9,6
ESCINFO,ESCINFO-6050,D,3,9,4
ESCINFO,ESCINFO-7427,D,4,11,4
ESCINFO,ESCINFO-8121,H,-1,2,0
ESCINFO,ESCINFO-8122,P,3,0,0
ESCINFO,ESCINFO-4803,P,4,4,0
ESCINFO,ESCINFO-4120,D,-1,6,2
ESCINFO,ESCINFO-5847,H,-1,3,1
ESCINFO,ESCINFO-8123,H,4,9,1
ESCINFO,ESCINFO-7026,H,-1,6,1
ESCINFO,ESCINFO-7048,P,-1,12,7
ESCINFO,ESCINFO-6870,D,-1,8,4
ESCINFO,ESCINFO-337,D,4,7,2
ESCINFO,ESCINFO-6738,D,4,1,0
ESCINFO,ESCINFO-4906,D,-1,2,1
ESCINFO,ESCINFO-8125,H,-1,9,5
ESCINFO,ESCINFO-4916,H,4,6,2
ESCINFO,ESCINFO-1758,D,1,7,4
ESCINFO,ESCINFO-8000,D,-1,1,0
ESCINFO,ESCINFO-8127,D,-1,14,6
ESCINFO,3365,P,-1,16,6
ESCINFO,ESCINFO-8128,P,-1,2,0
ESCINFO,ESCINFO-7265,D,-1,9,4
ESCINFO,ESCINFO-7125,H,-1,9,4
ESCINFO,ESCINFO-8130,D,-1,10,2
ESCINFO,ESCINFO-7746,P,4,8,4
ESCINFO,ESCINFO-7793,H,-1,5,3
ESCINFO,ESCINFO-7792,P,4,12,5
ESCINFO,ESCINFO-7335,H,1,14,6
ESCINFO,ESCINFO-8132,P,-1,5,3
ESCINFO,ESCINFO-8131,P,4,5,2
ESCINFO,ESCINFO-8133,H,-1,7,4
ESCINFO,ESCINFO-8074,H,3,9,4
ESCINFO,ESCINFO-5838,H,4,8,5
ESCINFO,ESCINFO-8097,P,1,11,7
ESCINFO,ESCINFO-7803,P,-1,3,1
ESCINFO,ESCINFO-7809,P,3,3,1
ESCINFO,ESCINFO-6655,P,-1,9,2
ESCINFO,ESCINFO-6702,D,4,7,4
ESCINFO,ESCINFO-8134,P,-1,6,2
ESCINFO,ESCINFO-7418,H,-1,14,7
ESCINFO,ESCINFO-8135,H,-1,11,6
ESCINFO,ESCINFO-4808,D,4,2,0
ESCINFO,ESCINFO-7340,H,4,5,1
ESCINFO,ESCINFO-8009,P,-1,6,2
ESCINFO,ESCINFO-8136,H,-1,7,3
ESCINFO,ESCINFO-8137,D,-1,4,2
ESCINFO,ESCINFO-7701,D,-1,9,4
ESCINFO,ESCINFO-7374,H,4,3,1
ESCINFO,ESCINFO-8138,H,-1,8,4
ESCINFO,ESCINFO-7609,H,4,8,4
ESCINFO,ESCINFO-7382,D,-1,0,0
ESCINFO,ESCINFO-7381,H,-1,10,5
ESCINFO,ESCINFO-3993,H,-1,8,4
ESCINFO,1963,H,3,1,0
ESCINFO,ESCINFO-7919,P,3,4,1
ESCINFO,ESCINFO-8001,H,-1,1,0
ESCINFO,ESCINFO-7344,H,4,8,2
ESCINFO,ESCINFO-7504,H,3,7,3
ESCINFO,ESCINFO-8139,D,3,11,7
ESCINFO,ESCINFO-7759,P,-1,6,3
ESCINFO,ESCINFO-7485,P,-1,0,0
ESCINFO,ESCINFO-7365,H,4,14,7
ESCINFO,ESCINFO-7353,P,-1,4,1
ESCINFO,ESCINFO-7495,P,4,3,1
ESCINFO,ESCINFO-7984,H,4,6,0
ESCINFO,ESCINFO-7664,H,-1,6,4
ESCINFO,ESCINFO-8140,H,-1,2,0
ESCINFO,ESCINFO-7771,H,4,11,6
ESCINFO,ESCINFO-7318,P,-1,13,5
ESCINFO,ESCINFO-7598,P,4,7,3
ESCINFO,ESCINFO-7829,H,-1,8,3
ESCINFO,ESCINFO-7384,P,-1,13,6
ESCINFO,ESCINFO-7773,D,4,4,0
ESCINFO,ESCINFO-7932,P,-1,5,1
ESCINFO,ESCINFO-7918,H,-1,2,0
ESCINFO,ESCINFO-7782,D,-1,7,4
ESCINFO,ESCINFO-7373,P,-1,8,3
ESCINFO,ESCINFO-7425,P,1,13,6
ESCINFO,ESCINFO-7486,P,-1,11,5
ESCINFO,ESCINFO-7062,D,3,5,0
ESCINFO,ESCINFO-7636,D,-1,4,2
ESCINFO,ESCINFO-8142,D,-1,7,1
ESCINFO,ESCINFO-7547,H,3,2,0
ESCINFO,ESCINFO-8064,H,-1,13,5
ESCINFO,ESCINFO-7541,D,4,5,3
ESCINFO,ESCINFO-7628,P,1,9,1
ESCINFO,ESCINFO-7489,D,-1,11,4
ESCINFO,ESCINFO-7349,D,-1,14,8
ESCINFO,ESCINFO-7461,D,-1,12,6
ESCINFO,ESCINFO-7462,H,-1,4,1
ESCINFO,ESCINFO-7621,P,-1,5,1
ESCINFO,ESCINFO-7429,D,-1,8,4
ESCINFO,ESCINFO-7493,H,4,4,3
ESCINFO,ESCINFO-7494,D,4,11,6
ESCINFO,ESCINFO-6946,D,-1,12,5
ESCINFO,ESCINFO-8144,D,4,2,0
ESCINFO,ESCINFO-7521,D,-1,7,4
ESCINFO,ESCINFO-7552,D,-1,7,4
ESCINFO,ESCINFO-7386,P,4,7,4
ESCINFO,ESCINFO-7696,D,4,10,4
ESCINFO,ESCINFO-7689,P,-1,12,7
ESCINFO,ESCINFO-7481,P,-1,7,1
ESCINFO,ESCINFO-7684,D,-1,11,4
ESCINFO,ESCINFO-7463,D,-1,6,3
ESCINFO,ESCINFO-7679,P,-1,8,3
ESCINFO,ESCINFO-7456,D,-1,11,4
ESCINFO,ESCINFO-7501,D,3,5,2
ESCINFO,ESCINFO-7421,H,4,8,2
ESCINFO,ESCINFO-7981,D,-1,9,4
ESCINFO,ESCINFO-7378,D,4,14,8
ESCINFO,ESCINFO-7644,P,4,12,7
ESCINFO,ESCINFO-7608,D,4,14,8
ESCINFO,ESCINFO-6251,D,-1,6,3
ESCINFO,ESCINFO-7400,H,1,6,1
ESCINFO,ESCINFO-7855,D,1,1,0
ESCINFO,ESCINFO-7721,P,3,15,9
ESCINFO,ESCINFO-8143,D,3,4,2
ESCINFO,ESCINFO-8008,D,3,6,3
ESCINFO,ESCINFO-7618,P,4,13,8
ESCINFO,ESCINFO-7415,P,3,14,9
ESCINFO,ESCINFO-7401,H,-1,6,3
ESCINFO,ESCINFO-7413,D,-1,2,0
ESCINFO,ESCINFO-7443,D,-1,8,5
ESCINFO,ESCINFO-7539,H,-1,10,6
ESCINFO,ESCINFO-5923,H,-1,6,2
ESCINFO,ESCINFO-7637,P,-1,12,7
ESCINFO,ESCINFO-7066,H,-1,15,9
ESCINFO,ESCINFO-7685,H,-1,12,7
ESCINFO,ESCINFO-8076,P,-1,5,3
ESCINFO,ESCINFO-7367,H,-1,12,4
ESCINFO,ESCINFO-7909,P,4,9,6
ESCINFO,ESCINFO-7397,D,-1,13,5
ESCINFO,ESCINFO-7581,P,4,4,2
ESCINFO,ESCINFO-7761,H,4,9,2
ESCINFO,ESCINFO-7487,P,3,11,5
ESCINFO,ESCINFO-8147,P,-1,12,8
ESCINFO,ESCINFO-7952,D,4,6,3
ESCINFO,ESCINFO-7937,P,3,8,0
ESCINFO,ESCINFO-7655,H,1,5,3
ESCINFO,ESCINFO-7407,D,1,7,3
ESCINFO,ESCINFO-3326,D,-1,10,6
ESCINFO,ESCINFO-7372,D,-1,4,1
ESCINFO,ESCINFO-7553,D,-1,7,3
ESCINFO,ESCINFO-7326,D,-1,10,5
ESCINFO,ESCINFO-8148,P,4,14,7
ESCINFO,ESCINFO-7717,P,-1,2,0
ESCINFO,ESCINFO-7958,H,-1,13,7
ESCINFO,ESCINFO-7380,P,-1,13,6
ESCINFO,ESCINFO-7346,H,-1,4,0
ESCINFO,ESCINFO-7929,H,1,3,2
ESCINFO,ESCINFO-7453,P,-1,4,1
ESCINFO,ESCINFO-7361,H,-1,7,4
ESCINFO,ESCINFO-7376,H,-1,7,1
ESCINFO,ESCINFO-7458,D,-1,3,2
ESCINFO,ESCINFO-7996,H,-1,11,7
ESCINFO,ESCINFO-7795,H,-1,12,5
ESCINFO,ESCINFO-6581,D,3,13,5
ESCINFO,ESCINFO-7902,P,-1,6,4
ESCINFO,ESCINFO-7784,P,-1,8,1
ESCINFO,ESCINFO-7357,D,-1,6,4
ESCINFO,ESCINFO-7442,H,4,15,10
ESCINFO,ESCINFO-7479,D,-1,4,2
ESCINFO,ESCINFO-7652,D,-1,4,2
ESCINFO,ESCINFO-7642,H,-1,11,5
ESCINFO,ESCINFO-7390,D,-1,9,1
ESCINFO,ESCINFO-7535,H,-1,4,2
ESCINFO,ESCINFO-7438,D,-1,3,0
ESCINFO,ESCINFO-8087,H,4,4,2
ESCINFO,ESCINFO-7733,H,-1,5,2
ESCINFO,ESCINFO-5591,D,-1,13,6
ESCINFO,ESCINFO-7935,D,-1,5,3
ESCINFO,ESCINFO-7424,P,-1,0,0
ESCINFO,ESCINFO-6659,D,3,10,3
ESCINFO,ESCINFO-7907,P,4,14,6
ESCINFO,ESCINFO-8032,P,-1,3,2
ESCINFO,ESCINFO-7702,P,3,3,2
ESCINFO,ESCINFO-7749,D,-1,8,2
ESCINFO,ESCINFO-7476,H,4,6,1
ESCINFO,ESCINFO-3760,H,4,2,0
ESCINFO,ESCINFO-7994,H,-1,5,0
ESCINFO,ESCINFO-7313,D,-1,8,1
ESCINFO,ESCINFO-8149,H,-1,9,1
ESCINFO,ESCINFO-7507,H,-1,10,5
ESCINFO,ESCINFO-7402,H,1,11,6
ESCINFO,ESCINFO-8019,D,-1,10,5
ESCINFO,ESCINFO-7979,H,3,8,1
ESCINFO,ESCINFO-8011,H,-1,12,8
ESCINFO,ESCINFO-7916,H,4,8,3
ESCINFO,ESCINFO-7730,P,4,8,2
ESCINFO,ESCINFO-8150,P,-1,10,6
ESCINFO,ESCINFO-7523,H,1,2,0
ESCINFO,ESCINFO-7472,D,1,4,1
ESCINFO,ESCINFO-7647,P,1,5,3
ESCINFO,ESCINFO-7801,H,4,10,4
ESCINFO,ESCINFO-7722,D,1,6,1
ESCINFO,ESCINFO-7732,H,-1,13,7
ESCINFO,ESCINFO-7323,D,1,11,6
ESCINFO,ESCINFO-7616,H,1,2,0
ESCINFO,ESCINFO-7649,H,1,6,3
ESCINFO,ESCINFO-7611,H,2,4,2
ESCINFO,ESCINFO-8016,P,1,4,3
ESCINFO,ESCINFO-8119,P,-1,8,5
ESCINFO,ESCINFO-7854,H,4,2,0
ESCINFO,ESCINFO-7705,P,-1,8,3
ESCINFO,ESCINFO-7571,H,4,7,4
ESCINFO,ESCINFO-7337,H,4,14,7
ESCINFO,ESCINFO-7707,H,4,4,0
ESCINFO,ESCINFO-7437,H,2,7,1
ESCINFO,ESCINFO-7555,D,-1,11,6
ESCINFO,ESCINFO-7953,P,4,5,1
ESCINFO,ESCINFO-7579,P,3,4,1
ESCINFO,ESCINFO-7317,D,1,7,1
ESCINFO,ESCINFO-7439,D,1,8,4
ESCINFO,ESCINFO-7330,D,2,11,7
ESCINFO,ESCINFO-7908,P,-1,1,0
ESCINFO,ESCINFO-7950,P,4,1,0
ESCINFO,ESCINFO-7457,D,1,5,0
ESCINFO,ESCINFO-7912,D,4,8,1
ESCINFO,ESCINFO-7470,P,4,6,3
ESCINFO,ESCINFO-7822,H,-1,6,3
ESCINFO,ESCINFO-7557,P,3,8,5
ESCINFO,ESCINFO-7517,H,-1,1,0
ESCINFO,ESCINFO-7191,D,-1,5,2
ESCINFO,ESCINFO-7399,H,3,5,2
ESCINFO,ESCINFO-7920,P,-1,7,4
ESCINFO,ESCINFO-7987,D,4,4,2
ESCINFO,ESCINFO-7686,H,1,9,5
ESCINFO,ESCINFO-7687,D,1,6,4
ESCINFO,ESCINFO-7548,P,-1,9,3
ESCINFO,ESCINFO-7496,H,-1,7,4
ESCINFO,ESCINFO-7828,P,-1,14,8
ESCINFO,ESCINFO-7511,P,-1,6,0
ESCINFO,ESCINFO-7898,H,3,7,1
ESCINFO,ESCINFO-7638,H,1,6,3
ESCINFO,ESCINFO-6205,P,4,5,0
ESCINFO,ESCINFO-7333,P,-1,6,1
ESCINFO,ESCINFO-7666,H,1,1,0
ESCINFO,ESCINFO-8056,P,-1,4,2
ESCINFO,ESCINFO-7699,H,1,16,8
ESCINFO,ESCINFO-7428,H,3,7,4
ESCINFO,ESCINFO-7766,H,1,14,7
ESCINFO,ESCINFO-7724,P,1,3,1
ESCINFO,ESCINFO-7755,P,1,4,2
ESCINFO,ESCINFO-7669,D,1,6,1
ESCINFO,ESCINFO-7980,H,3,3,1
ESCINFO,ESCINFO-6400,H,1,7,4
ESCINFO,ESCINFO-7394,D,-1,1,0
ESCINFO,ESCINFO-7469,P,-1,4,2
ESCINFO,ESCINFO-7325,H,1,0,0
ESCINFO,ESCINFO-7674,P,3,15,9
ESCINFO,ESCINFO-8151,D,-1,4,2
ESCINFO,ESCINFO-7554,P,4,6,3
ESCINFO,ESCINFO-7602,D,1,7,3
ESCINFO,ESCINFO-8055,H,1,8,2
ESCINFO,ESCINFO-8107,P,1,4,2
ESCINFO,ESCINFO-7360,D,1,8,1
ESCINFO,ESCINFO-7512,P,3,18,7
ESCINFO,ESCINFO-7676,D,-1,2,0
ESCINFO,ESCINFO-8054,D,1,5,1
ESCINFO,ESCINFO-8053,P,-1,6,4
ESCINFO,ESCINFO-7914,D,-1,4,1
ESCINFO,ESCINFO-7843,P,3,8,1
ESCINFO,ESCINFO-7858,P,3,6,1
ESCINFO,ESCINFO-7967,D,4,13,7
ESCINFO,ESCINFO-7362,H,4,0,0
ESCINFO,ESCINFO-7752,P,1,1,0
ESCINFO,ESCINFO-8152,H,-1,9,3
ESCINFO,ESCINFO-7656,P,-1,12,5
ESCINFO,ESCINFO-7651,P,-1,10,5
ESCINFO,ESCINFO-7812,H,1,7,1
ESCINFO,ESCINFO-7406,P,4,7,1
ESCINFO,ESCINFO-6999,P,4,10,4
ESCINFO,ESCINFO-8145,H,4,1,0
ESCINFO,ESCINFO-8146,P,4,9,4
ESCINFO,ESCINFO-7617,P,4,0,0
ESCINFO,ESCINFO-7635,D,4,14,5
ESCINFO,ESCINFO-7798,P,-1,8,1
ESCINFO,ESCINFO-7884,H,-1,10,4
ESCINFO,ESCINFO-8044,P,-1,12,7
ESCINFO,ESCINFO-7482,P,4,18,7
ESCINFO,ESCINFO-7966,H,4,9,2
ESCINFO,ESCINFO-7447,P,4,13,7
ESCINFO,ESCINFO-7566,P,4,4,1
ESCINFO,ESCINFO-7723,D,-1,11,4
ESCINFO,ESCINFO-7514,D,4,13,6
ESCINFO,ESCINFO-7467,P,-1,5,3
ESCINFO,ESCINFO-7977,D,-1,9,5
ESCINFO,ESCINFO-7500,D,-1,9,2
ESCINFO,ESCINFO-7545,D,3,14,9
ESCINFO,ESCINFO-7441,P,-1,4,2
ESCINFO,ESCINFO-7677,P,-1,11,1
ESCINFO,ESCINFO-7712,D,-1,0,0
ESCINFO,ESCINFO-7791,D,4,6,4
ESCINFO,ESCINFO-7451,P,4,12,8
ESCINFO,ESCINFO-7868,H,-1,8,5
ESCINFO,ESCINFO-7589,D,-1,6,3
ESCINFO,ESCINFO-7750,P,-1,7,3
ESCINFO,ESCINFO-7592,P,-1,7,3
ESCINFO,ESCINFO-7622,H,4,4,2
ESCINFO,ESCINFO-7120,P,-1,5,2
ESCINFO,ESCINFO-7938,H,-1,13,6
ESCINFO,ESCINFO-8049,D,4,5,3
ESCINFO,ESCINFO-7978,D,1,7,1
ESCINFO,ESCINFO-8013,H,-1,7,3
ESCINFO,ESCINFO-7582,P,4,16,8
ESCINFO,ESCINFO-7334,D,-1,7,4
ESCINFO,ESCINFO-7615,H,-1,1,0
ESCINFO,ESCINFO-7572,P,3,11,7
ESCINFO,ESCINFO-8062,P,1,9,4
ESCINFO,ESCINFO-7432,P,4,5,1
ESCINFO,ESCINFO-7693,D,4,12,7
ESCINFO,ESCINFO-7783,P,-1,8,3
ESCINFO,ESCINFO-7632,D,-1,3,0
ESCINFO,ESCINFO-7549,P,4,2,0
ESCINFO,ESCINFO-7772,H,-1,9,4
ESCINFO,ESCINFO-7925,D,-1,6,4
ESCINFO,ESCINFO-7209,H,-1,14,8
ESCINFO,ESCINFO-7597,D,4,14,7
ESCINFO,ESCINFO-7971,D,1,2,0
ESCINFO,ESCINFO-7584,D,3,9,5
ESCINFO,ESCINFO-7633,D,1,14,9
ESCINFO,ESCINFO-6990,D,-1,5,1
ESCINFO,ESCINFO-7475,H,-1,0,0
ESCINFO,ESCINFO-7354,H,1,4,2
ESCINFO,ESCINFO-7970,H,-1,1,0
ESCINFO,ESCINFO-7695,H,4,10,6
ESCINFO,ESCINFO-8154,H,4,5,1
ESCINFO,ESCINFO-7911,H,-1,3,0
ESCINFO,ESCINFO-7886,H,4,12,6
ESCINFO,ESCINFO-7835,H,-1,4,2
ESCINFO,ESCINFO-7814,H,4,1,0
ESCINFO,ESCINFO-7738,H,-1,11,7
ESCINFO,ESCINFO-7505,H,-1,6,0
ESCINFO,ESCINFO-7832,D,-1,8,4
ESCINFO,ESCINFO-7610,D,4,6,0
ESCINFO,ESCINFO-7434,P,-1,8,2
ESCINFO,ESCINFO-7516,D,-1,3,2
ESCINFO,ESCINFO-7567,P,1,11,5
ESCINFO,ESCINFO-7614,D,4,7,2
ESCINFO,ESCINFO-7675,D,4,9,4
ESCINFO,ESCINFO-8002,D,-1,3,0
ESCINFO,ESCINFO-3793,H,4,3,0
ESCINFO,ESCINFO-8047,D,-1,14,9
ESCINFO,ESCINFO-7706,D,-1,5,3
ESCINFO,ESCINFO-7756,D,-1,8,5
ESCINFO,ESCINFO-7743,H,4,14,7
ESCINFO,ESCINFO-7727,H,-1,8,4
ESCINFO,ESCINFO-6617,P,4,12,7
ESCINFO,ESCINFO-7563,H,4,3,1
ESCINFO,ESCINFO-7926,D,4,2,0
ESCINFO,ESCINFO-6371,P,-1,13,6
ESCINFO,ESCINFO-6575,P,-1,8,5
ESCINFO,ESCINFO-8114,H,-1,6,3
ESCINFO,ESCINFO-7653,D,-1,5,3
ESCINFO,ESCINFO-7887,H,1,11,5
ESCINFO,ESCINFO-7371,H,-1,8,5
ESCINFO,ESCINFO-7596,D,4,4,1
ESCINFO,ESCINFO-7658,P,-1,3,1
ESCINFO,ESCINFO-7435,H,4,6,2
ESCINFO,ESCINFO-7678,D,4,2,0
ESCINFO,ESCINFO-7585,D,-1,10,7
ESCINFO,ESCINFO-7431,H,-1,7,4
ESCINFO,ESCINFO-7933,H,-1,0,0
ESCINFO,ESCINFO-7546,H,4,10,5
ESCINFO,ESCINFO-7422,D,4,1,0
ESCINFO,ESCINFO-7445,H,-1,3,2
ESCINFO,ESCINFO-7964,P,4,8,5
ESCINFO,ESCINFO-7488,H,4,7,2
ESCINFO,ESCINFO-7903,P,-1,13,8
ESCINFO,ESCINFO-7510,P,-1,8,4
ESCINFO,ESCINFO-7556,H,3,2,0
ESCINFO,ESCINFO-8101,H,4,14,5
ESCINFO,ESCINFO-7875,P,-1,5,0
ESCINFO,ESCINFO-7626,P,-1,4,3
ESCINFO,ESCINFO-7595,H,4,4,1
ESCINFO,ESCINFO-7607,D,-1,14,6
ESCINFO,ESCINFO-7388,D,4,12,6
ESCINFO,ESCINFO-7586,P,-1,12,7
ESCINFO,ESCINFO-7697,P,-1,5,2
ESCINFO,ESCINFO-7830,H,-1,3,0
ESCINFO,ESCINFO-7338,D,-1,5,3
ESCINFO,ESCINFO-8085,P,-1,12,6
ESCINFO,ESCINFO-8072,H,-1,16,6
ESCINFO,5103,P,4,17,5
ESCINFO,ESCINFO-5883,D,-1,3,0
ESCINFO,ESCINFO-6150,H,-1,13,6
ESCINFO,ESCINFO-4194,D,1,5,2
ESCINFO,ESCINFO-5025,D,-1,5,3
ESCINFO,ESCINFO-5435,D,-1,4,0
ESCINFO,ESCINFO-5570,H,-1,9,4
ESCINFO,ESCINFO-5730,D,-1,11,5
ESCINFO,ESCINFO-4305,P,-1,14,8
ESCINFO,ESCINFO-2309,H,-1,5,2
ESCINFO,ESCINFO-5237,D,4,7,2
ESCINFO,ESCINFO-6461,D,4,9,5
ESCINFO,ESCINFO-6218,H,-1,8,3
ESCINFO,ESCINFO-6465,H,4,2,0
ESCINFO,ESCINFO-6473,D,1,8,0
ESCINFO,ESCINFO-6474,D,1,4,2
ESCINFO,ESCINFO-6456,D,4,13,7
ESCINFO,ESCINFO-6484,P,4,12,3
ESCINFO,428,P,4,6,2
ESCINFO,5200,H,-1,2,0
ESCINFO,ESCINFO-4157,P,4,3,1
ESCINFO,ESCINFO-6022,D,3,2,1
ESCINFO,ESCINFO-6230,P,-1,3,1
ESCINFO,ESCINFO-6354,H,-1,2,1
ESCINFO,ESCINFO-6378,P,-1,4,0
ESCINFO,ESCINFO-3367,P,4,6,4
ESCINFO,ESCINFO-2439,H,4,7,4
ESCINFO,ESCINFO-3180,P,4,4,2
ESCINFO,ESCINFO-6011,P,-1,4,2
ESCINFO,ESCINFO-5413,P,-1,0,0
ESCINFO,ESCINFO-6167,D,-1,5,2
ESCINFO,ESCINFO-5394,P,4,8,1
ESCINFO,ESCINFO-6165,D,-1,15,6
ESCINFO,ESCINFO-6384,D,4,4,0
ESCINFO,ESCINFO-5825,P,1,5,0
ESCINFO,ESCINFO-6225,H,-1,8,4
ESCINFO,ESCINFO-5517,D,1,8,5
ESCINFO,ESCINFO-5932,H,-1,0,0
ESCINFO,ESCINFO-6047,P,3,5,1
ESCINFO,ESCINFO-6060,P,-1,5,3
ESCINFO,ESCINFO-6340,P,-1,5,0
ESCINFO,ESCINFO-3730,H,-1,11,3
ESCINFO,ESCINFO-5001,H,-1,5,1
ESCINFO,ESCINFO-6204,H,-1,11,6
ESCINFO,ESCINFO-6266,H,3,13,7
ESCINFO,ESCINFO-6374,D,-1,4,2
ESCINFO,ESCINFO-1939,H,-1,6,0
ESCINFO,ESCINFO-4870,H,4,7,3
ESCINFO,ESCINFO-5785,P,-1,2,0
ESCINFO,ESCINFO-6120,P,1,10,4
ESCINFO,ESCINFO-4990,D,4,6,3
ESCINFO,ESCINFO-6331,P,1,3,2
ESCINFO,ESCINFO-5988,H,-1,13,6
ESCINFO,ESCINFO-6430,P,1,7,3
ESCINFO,ESCINFO-5501,H,-1,13,6
ESCINFO,ESCINFO-6426,P,-1,7,1
ESCINFO,ESCINFO-5216,D,4,6,1
ESCINFO,ESCINFO-5848,D,-1,3,1
ESCINFO,ESCINFO-5614,P,4,9,1
ESCINFO,ESCINFO-5843,P,-1,2,1
ESCINFO,ESCINFO-6398,H,-1,5,3
ESCINFO,ESCINFO-5389,D,-1,13,8
ESCINFO,ESCINFO-6037,H,1,14,6
ESCINFO,ESCINFO-5835,P,-1,9,5
ESCINFO,ESCINFO-1181,H,-1,14,5
ESCINFO,ESCINFO-3578,P,4,2,0
ESCINFO,4424,H,-1,1,0
ESCINFO,ESCINFO-5933,D,3,2,0
ESCINFO,ESCINFO-5770,H,-1,5,0
ESCINFO,ESCINFO-5803,D,-1,11,5
ESCINFO,ESCINFO-6221,D,-1,4,2
ESCINFO,ESCINFO-5405,D,4,10,6
ESCINFO,ESCINFO-5888,D,-1,5,1
ESCINFO,ESCINFO-6480,P,-1,5,2
ESCINFO,ESCINFO-5292,P,4,7,1
ESCINFO,ESCINFO-5404,H,4,5,2
ESCINFO,ESCINFO-6428,H,-1,2,0
ESCINFO,ESCINFO-6431,H,1,7,2
ESCINFO,ESCINFO-5281,H,1,9,6
ESCINFO,ESCINFO-4951,H,1,1,0
ESCINFO,ESCINFO-4690,D,-1,4,1
ESCINFO,ESCINFO-6277,H,-1,10,5
ESCINFO,ESCINFO-6376,D,4,15,8
ESCINFO,ESCINFO-4303,D,3,11,4
ESCINFO,ESCINFO-5804,H,1,14,7
ESCINFO,ESCINFO-5624,D,4,3,2
ESCINFO,ESCINFO-5485,P,-1,12,6
ESCINFO,ESCINFO-5659,H,-1,9,4
ESCINFO,ESCINFO-5391,D,-1,15,6
ESCINFO,ESCINFO-5398,H,-1,11,6
ESCINFO,ESCINFO-5451,D,-1,8,2
ESCINFO,ESCINFO-5832,D,3,10,4
ESCINFO,ESCINFO-5907,H,-1,5,0
ESCINFO,ESCINFO-5963,D,-1,7,1
ESCINFO,ESCINFO-5992,H,3,10,4
ESCINFO,ESCINFO-6099,P,1,5,3
ESCINFO,ESCINFO-6206,D,1,6,3
ESCINFO,ESCINFO-4173,P,-1,8,1
ESCINFO,ESCINFO-6444,H,-1,3,1
ESCINFO,ESCINFO-6445,P,-1,5,3
ESCINFO,ESCINFO-8007,D,-1,14,5
ESCINFO,ESCINFO-7731,P,-1,2,0
ESCINFO,ESCINFO-7663,D,4,8,1
ESCINFO,ESCINFO-7941,H,4,7,4
ESCINFO,ESCINFO-7423,H,4,12,6
ESCINFO,ESCINFO-7974,D,4,5,3
ESCINFO,ESCINFO-7960,H,-1,10,4
ESCINFO,ESCINFO-8155,D,4,7,1
ESCINFO,ESCINFO-8018,P,-1,0,0
ESCINFO,ESCINFO-7915,P,-1,3,1
ESCINFO,ESCINFO-7612,P,4,7,1
ESCINFO,ESCINFO-7605,P,-1,12,4
ESCINFO,ESCINFO-7844,H,-1,3,1
ESCINFO,ESCINFO-7645,H,-1,6,0
ESCINFO,ESCINFO-7975,D,4,9,5
ESCINFO,ESCINFO-7583,H,-1,11,5
ESCINFO,ESCINFO-7654,D,4,4,3
ESCINFO,ESCINFO-6822,H,-1,6,1
ESCINFO,ESCINFO-7694,P,1,1,0
ESCINFO,ESCINFO-7107,P,4,3,0
ESCINFO,ESCINFO-7760,D,4,9,5
ESCINFO,ESCINFO-7900,P,-1,15,5
ESCINFO,ESCINFO-7551,P,1,10,5
ESCINFO,ESCINFO-7671,H,4,5,0
ESCINFO,ESCINFO-7599,H,-1,11,6
ESCINFO,ESCINFO-7973,H,4,5,2
ESCINFO,ESCINFO-8029,D,4,4,2
ESCINFO,ESCINFO-8025,D,-1,2,0
ESCINFO,ESCINFO-8010,D,-1,15,8
ESCINFO,ESCINFO-6005,P,4,4,1
ESCINFO,ESCINFO-8126,H,-1,10,5
ESCINFO,ESCINFO-7025,H,4,2,0
ESCINFO,ESCINFO-7558,D,-1,3,1
ESCINFO,ESCINFO-7924,D,-1,9,1
ESCINFO,ESCINFO-7976,D,-1,10,5
ESCINFO,ESCINFO-7544,D,-1,3,2
ESCINFO,ESCINFO-7757,P,-1,1,0
ESCINFO,ESCINFO-5706,D,4,7,1
ESCINFO,ESCINFO-7951,H,3,8,1
ESCINFO,ESCINFO-6035,H,-1,2,0
ESCINFO,ESCINFO-5787,D,-1,13,6
ESCINFO,ESCINFO-6159,D,4,9,3
ESCINFO,ESCINFO-8090,D,1,7,4
ESCINFO,ESCINFO-7939,H,3,13,7
ESCINFO,ESCINFO-5696,H,-1,4,1
ESCINFO,ESCINFO-5519,D,4,11,4
ESCINFO,ESCINFO-5076,D,-1,12,5
ESCINFO,ESCINFO-5596,P,3,3,1
ESCINFO,ESCINFO-6232,P,4,14,7
ESCINFO,ESCINFO-6082,D,-1,4,1
ESCINFO,ESCINFO-5735,H,-1,6,1
ESCINFO,ESCINFO-8026,P,-1,2,0
ESCINFO,ESCINFO-4250,P,4,13,6
ESCINFO,ESCINFO-5736,H,-1,7,4
ESCINFO,ESCINFO-4867,P,4,8,3
ESCINFO,ESCINFO-7160,P,-1,2,0
ESCINFO,ESCINFO-3036,H,-1,16,8
ESCINFO,ESCINFO-8159,H,-1,9,4
ESCINFO,4687,H,4,6,1
ESCINFO,ESCINFO-8160,H,-1,5,3
ESCINFO,ESCINFO-8161,D,4,7,3
ESCINFO,ESCINFO-1165,H,-1,18,6
ESCINFO,1736,P,-1,12,6
ESCINFO,ESCINFO-1432,H,-1,3,1
ESCINFO,ESCINFO-7478,P,-1,6,4
ESCINFO,ESCINFO-1647,P,-1,8,5
ESCINFO,ESCINFO-7800,H,-1,6,2
ESCINFO,ESCINFO-4521,P,-1,6,2
ESCINFO,ESCINFO-3958,P,-1,5,1
ESCINFO,ESCINFO-7398,D,4,5,1
ESCINFO,ESCINFO-7324,P,-1,10,5
ESCINFO,ESCINFO-6809,H,4,2,1
ESCINFO,1554,H,4,11,5
ESCINFO,4815,P,-1,8,5
ESCINFO,ESCINFO-1236,H,-1,7,1
ESCINFO,ESCINFO-4964,D,4,9,5
ESCINFO,ESCINFO-6027,D,4,7,1
ESCINFO,ESCINFO-5908,H,-1,7,4
ESCINFO,ESCINFO-6622,D,1,1,0
ESCINFO,ESCINFO-4902,H,-1,7,3
ESCINFO,ESCINFO-1720,D,-1,14,6
ESCINFO,ESCINFO-4365,H,4,2,0
ESCINFO,ESCINFO-6264,P,4,7,3
ESCINFO,ESCINFO-5159,P,4,3,0
ESCINFO,ESCINFO-2334,P,-1,6,2
ESCINFO,ESCINFO-7643,H,4,7,3
ESCINFO,ESCINFO-6446,P,4,12,2
ESCINFO,ESCINFO-4402,H,4,5,1
ESCINFO,ESCINFO-6021,H,-1,12,6
ESCINFO,ESCINFO-6336,D,-1,4,2
ESCINFO,ESCINFO-5381,D,4,12,6
ESCINFO,ESCINFO-5830,P,-1,13,8
ESCINFO,ESCINFO-4622,H,-1,16,10
ESCINFO,ESCINFO-8869,P,1,9,1
ESCINFO,ESCINFO-7629,D,-1,6,2
ESCINFO,ESCINFO-8366,D,1,15,8
ESCINFO,ESCINFO-7864,H,-1,5,3
ESCINFO,ESCINFO-7955,H,3,14,6
ESCINFO,ESCINFO-5213,D,4,7,2
ESCINFO,ESCINFO-8576,H,-1,4,2
ESCINFO,ESCINFO-8870,D,-1,13,8
ESCINFO,ESCINFO-8871,D,-1,18,10
ESCINFO,ESCINFO-8872,H,-1,14,6
ESCINFO,ESCINFO-6891,D,3,11,4
ESCINFO,ESCINFO-5633,D,-1,6,3
ESCINFO,ESCINFO-8873,D,4,19,12
ESCINFO,ESCINFO-8874,P,4,11,4
ESCINFO,ESCINFO-7785,D,-1,5,3
ESCINFO,ESCINFO-4379,H,4,8,2
ESCINFO,ESCINFO-8377,H,4,14,8
ESCINFO,ESCINFO-8493,D,-1,11,1
ESCINFO,ESCINFO-8875,D,-1,8,4
ESCINFO,ESCINFO-8494,H,-1,11,6
ESCINFO,ESCINFO-8497,D,4,5,3
ESCINFO,ESCINFO-8257,D,-1,8,4
ESCINFO,ESCINFO-8157,H,-1,18,9
ESCINFO,ESCINFO-8876,D,-1,3,2
ESCINFO,ESCINFO-7604,P,4,3,0
ESCINFO,ESCINFO-5262,D,3,4,2
ESCINFO,ESCINFO-5652,H,-1,3,2
ESCINFO,ESCINFO-2614,P,-1,5,0
ESCINFO,ESCINFO-8877,H,4,5,2
ESCINFO,ESCINFO-8782,P,-1,9,5
ESCINFO,ESCINFO-4877,P,-1,3,2
ESCINFO,ESCINFO-5430,P,4,3,2
ESCINFO,ESCINFO-8878,P,-1,2,0
ESCINFO,ESCINFO-8669,H,-1,2,0
ESCINFO,ESCINFO-8612,P,4,13,8
ESCINFO,ESCINFO-5689,P,4,0,0
ESCINFO,ESCINFO-8484,P,4,9,3
ESCINFO,ESCINFO-7034,D,4,4,0
ESCINFO,ESCINFO-7580,D,-1,8,3
ESCINFO,ESCINFO-8813,D,-1,5,2
ESCINFO,ESCINFO-8826,H,-1,6,3
ESCINFO,ESCINFO-4149,P,4,2,0
ESCINFO,ESCINFO-8879,D,4,8,1
ESCINFO,4772,H,-1,8,1
ESCINFO,ESCINFO-5439,P,4,4,2
ESCINFO,ESCINFO-8079,P,4,11,6
ESCINFO,ESCINFO-8327,P,4,15,5
ESCINFO,ESCINFO-8325,P,4,14,6
ESCINFO,ESCINFO-8740,H,3,6,4
ESCINFO,ESCINFO-8349,H,-1,11,5
ESCINFO,ESCINFO-7838,P,-1,10,1
ESCINFO,ESCINFO-8298,P,-1,2,1
ESCINFO,ESCINFO-2150,H,-1,14,7
ESCINFO,ESCINFO-7530,H,-1,6,4
ESCINFO,ESCINFO-8771,D,-1,4,2
ESCINFO,ESCINFO-8770,H,-1,10,6
ESCINFO,ESCINFO-8816,D,-1,11,7
ESCINFO,ESCINFO-8593,P,4,14,8
ESCINFO,ESCINFO-8350,P,4,9,2
ESCINFO,ESCINFO-8273,H,4,9,5
ESCINFO,ESCINFO-8440,P,-1,15,8
ESCINFO,ESCINFO-7866,D,4,3,2
ESCINFO,ESCINFO-8880,P,-1,15,9
ESCINFO,ESCINFO-8060,D,4,7,2
ESCINFO,ESCINFO-6269,H,4,9,4
ESCINFO,ESCINFO-8296,P,-1,6,4
ESCINFO,ESCINFO-8584,D,-1,10,6
ESCINFO,ESCINFO-8881,P,-1,11,7
ESCINFO,ESCINFO-8331,D,-1,14,8
ESCINFO,ESCINFO-8168,D,-1,10,4
ESCINFO,ESCINFO-8417,P,-1,3,2
ESCINFO,ESCINFO-8882,P,1,8,1
ESCINFO,ESCINFO-8849,D,-1,4,0
ESCINFO,ESCINFO-8170,H,4,8,1
ESCINFO,ESCINFO-8410,H,-1,3,1
ESCINFO,ESCINFO-8511,D,-1,9,2
ESCINFO,ESCINFO-8502,P,-1,9,4
ESCINFO,ESCINFO-8412,H,-1,13,8
ESCINFO,ESCINFO-8302,D,-1,5,3
ESCINFO,ESCINFO-8425,D,4,11,5
ESCINFO,ESCINFO-8883,P,-1,12,5
ESCINFO,ESCINFO-6164,H,-1,5,3
ESCINFO,ESCINFO-8426,D,4,7,2
ESCINFO,ESCINFO-8245,H,-1,3,1
ESCINFO,ESCINFO-8605,H,-1,3,2
ESCINFO,ESCINFO-8477,P,-1,14,5
ESCINFO,ESCINFO-8251,H,4,4,1
ESCINFO,ESCINFO-8741,D,4,9,4
ESCINFO,ESCINFO-8509,H,-1,14,6
ESCINFO,2010,P,-1,9,2
ESCINFO,ESCINFO-8277,D,-1,7,3
ESCINFO,ESCINFO-8758,P,-1,6,3
ESCINFO,ESCINFO-8321,D,-1,9,4
ESCINFO,ESCINFO-8351,P,-1,9,3
ESCINFO,ESCINFO-8358,P,-1,11,5
ESCINFO,ESCINFO-7934,D,-1,4,1
ESCINFO,ESCINFO-8611,H,-1,13,7
ESCINFO,ESCINFO-8233,P,-1,14,5
ESCINFO,ESCINFO-8232,H,1,12,7
ESCINFO,ESCINFO-8226,D,-1,5,3
ESCINFO,ESCINFO-8802,D,-1,13,7
ESCINFO,ESCINFO-8322,P,3,13,5
ESCINFO,ESCINFO-8347,D,4,9,3
ESCINFO,ESCINFO-6010,D,-1,4,1
ESCINFO,ESCINFO-8285,H,-1,4,2
ESCINFO,ESCINFO-8810,P,4,22,10
ESCINFO,ESCINFO-8505,H,4,8,4
ESCINFO,ESCINFO-8661,D,1,8,5
ESCINFO,ESCINFO-7630,D,4,23,11
ESCINFO,ESCINFO-8774,P,-1,7,4
ESCINFO,ESCINFO-8181,P,4,14,7
ESCINFO,ESCINFO-8885,H,-1,6,3
ESCINFO,ESCINFO-8256,P,1,5,3
ESCINFO,ESCINFO-8638,H,-1,9,4
ESCINFO,ESCINFO-7002,P,-1,5,1
ESCINFO,ESCINFO-8246,H,-1,5,2
ESCINFO,ESCINFO-8750,D,-1,2,0
ESCINFO,ESCINFO-8762,D,1,6,4
ESCINFO,ESCINFO-8468,D,-1,8,4
ESCINFO,ESCINFO-8453,D,-1,2,0
ESCINFO,ESCINFO-8634,H,4,4,1
ESCINFO,ESCINFO-8724,P,1,7,3
ESCINFO,ESCINFO-8166,D,-1,12,6
ESCINFO,ESCINFO-8487,D,-1,9,4
ESCINFO,ESCINFO-8704,D,-1,8,5
ESCINFO,ESCINFO-8248,P,1,8,2
ESCINFO,ESCINFO-8282,H,2,8,5
ESCINFO,ESCINFO-8732,D,1,3,0
ESCINFO,ESCINFO-8757,D,1,6,1
ESCINFO,ESCINFO-8375,H,-1,6,3
ESCINFO,ESCINFO-8376,H,3,18,11
ESCINFO,ESCINFO-8435,P,4,3,2
ESCINFO,ESCINFO-8292,H,3,8,3
ESCINFO,ESCINFO-8339,D,3,5,2
ESCINFO,ESCINFO-8886,H,4,2,0
ESCINFO,ESCINFO-8399,H,-1,4,2
ESCINFO,ESCINFO-8716,P,4,19,8
ESCINFO,ESCINFO-8266,H,1,10,6
ESCINFO,ESCINFO-8738,D,4,8,4
ESCINFO,ESCINFO-8535,P,4,13,5
ESCINFO,ESCINFO-8778,D,4,6,3
ESCINFO,ESCINFO-8712,P,4,8,4
ESCINFO,ESCINFO-8263,P,4,6,3
ESCINFO,ESCINFO-8662,P,4,3,1
ESCINFO,ESCINFO-8691,H,1,11,1
ESCINFO,ESCINFO-8317,D,4,3,1
ESCINFO,ESCINFO-8632,P,4,4,0
ESCINFO,ESCINFO-8346,D,4,5,1
ESCINFO,ESCINFO-8822,D,4,3,2
ESCINFO,ESCINFO-8197,P,1,9,3
ESCINFO,ESCINFO-8330,P,4,2,0
ESCINFO,ESCINFO-8682,H,4,10,2
ESCINFO,ESCINFO-8687,H,4,5,2
ESCINFO,ESCINFO-8305,D,-1,12,5
ESCINFO,ESCINFO-8742,D,4,11,5
ESCINFO,ESCINFO-8730,D,-1,8,2
ESCINFO,ESCINFO-8539,H,-1,6,1
ESCINFO,ESCINFO-5674,D,4,12,5
ESCINFO,ESCINFO-8856,D,-1,5,2
ESCINFO,ESCINFO-8809,D,4,13,6
ESCINFO,ESCINFO-8216,H,4,12,7
ESCINFO,ESCINFO-8459,P,4,5,2
ESCINFO,ESCINFO-8788,P,3,12,6
ESCINFO,ESCINFO-8369,H,3,8,4
ESCINFO,ESCINFO-8507,H,4,0,0
ESCINFO,ESCINFO-8708,P,4,10,5
ESCINFO,ESCINFO-8592,P,-1,5,2
ESCINFO,ESCINFO-8446,P,-1,14,7
ESCINFO,ESCINFO-8129,H,3,5,3
ESCINFO,ESCINFO-8244,D,4,4,1
ESCINFO,ESCINFO-8700,D,1,14,8
ESCINFO,ESCINFO-8721,P,3,10,4
ESCINFO,ESCINFO-8183,H,-1,3,0
ESCINFO,ESCINFO-8275,D,-1,10,4
ESCINFO,ESCINFO-8255,D,1,11,5
ESCINFO,ESCINFO-5826,H,4,2,0
ESCINFO,ESCINFO-8619,P,4,14,9
ESCINFO,ESCINFO-8307,H,1,10,5
ESCINFO,ESCINFO-7799,P,4,10,6
ESCINFO,ESCINFO-8367,P,1,6,4
ESCINFO,ESCINFO-8646,D,4,10,5
ESCINFO,ESCINFO-8644,D,4,6,1
ESCINFO,ESCINFO-8516,H,1,10,4
ESCINFO,ESCINFO-8208,D,-1,12,5
ESCINFO,ESCINFO-8163,P,4,12,7
ESCINFO,ESCINFO-8202,P,1,1,0
ESCINFO,ESCINFO-8787,P,4,6,4
ESCINFO,ESCINFO-8586,D,-1,11,2
ESCINFO,ESCINFO-8312,H,4,4,1
ESCINFO,ESCINFO-8796,H,-1,10,4
ESCINFO,ESCINFO-8495,P,4,5,3
ESCINFO,ESCINFO-8441,P,4,10,5
ESCINFO,ESCINFO-8833,H,4,3,0
ESCINFO,ESCINFO-8627,P,4,3,1
ESCINFO,ESCINFO-8165,D,4,7,2
ESCINFO,ESCINFO-8326,P,4,11,7
ESCINFO,ESCINFO-8338,D,4,11,5
ESCINFO,ESCINFO-8647,D,4,11,4
ESCINFO,ESCINFO-8190,H,-1,4,1
ESCINFO,ESCINFO-8193,P,4,7,4
ESCINFO,ESCINFO-8203,H,-1,11,6
ESCINFO,ESCINFO-8329,P,4,14,5
ESCINFO,ESCINFO-8540,H,1,3,1
ESCINFO,ESCINFO-8225,D,4,6,3
ESCINFO,ESCINFO-8792,D,1,10,4
ESCINFO,ESCINFO-8764,H,4,6,3
ESCINFO,ESCINFO-8711,D,1,8,4
ESCINFO,ESCINFO-7497,P,1,3,1
ESCINFO,ESCINFO-8289,D,1,2,0
ESCINFO,ESCINFO-8313,P,4,12,8
ESCINFO,ESCINFO-8250,P,4,3,0
ESCINFO,ESCINFO-8391,D,-1,8,3
ESCINFO,ESCINFO-8447,P,4,3,2
ESCINFO,ESCINFO-8214,D,4,3,1
ESCINFO,ESCINFO-8221,H,1,2,0
ESCINFO,ESCINFO-8445,H,4,10,5
ESCINFO,ESCINFO-8577,D,1,4,1
ESCINFO,ESCINFO-8416,P,1,1,0
ESCINFO,ESCINFO-8595,D,3,15,7
ESCINFO,ESCINFO-8843,D,1,19,12
ESCINFO,ESCINFO-8297,P,4,4,2
ESCINFO,ESCINFO-8583,D,4,10,5
ESCINFO,ESCINFO-8594,P,4,1,0
ESCINFO,ESCINFO-8402,D,3,5,2
ESCINFO,ESCINFO-8512,H,4,2,1
ESCINFO,ESCINFO-8492,H,4,15,6
ESCINFO,ESCINFO-8340,D,4,3,2
ESCINFO,ESCINFO-8475,P,-1,9,1
ESCINFO,ESCINFO-8777,D,4,5,2
ESCINFO,ESCINFO-8489,P,4,5,0
ESCINFO,ESCINFO-7905,H,4,1,0
ESCINFO,ESCINFO-7690,P,4,8,1
ESCINFO,ESCINFO-8218,D,-1,11,6
ESCINFO,ESCINFO-8812,H,-1,10,4
ESCINFO,ESCINFO-8570,H,4,10,5
ESCINFO,ESCINFO-8303,D,1,8,1
ESCINFO,ESCINFO-8308,P,4,11,4
ESCINFO,ESCINFO-8274,H,4,4,0
ESCINFO,ESCINFO-8567,D,1,9,4
ESCINFO,ESCINFO-8490,D,1,4,2
ESCINFO,ESCINFO-8408,D,4,11,5
ESCINFO,ESCINFO-8442,D,4,8,5
ESCINFO,ESCINFO-8182,D,1,15,9
ESCINFO,ESCINFO-8293,P,4,9,2
ESCINFO,ESCINFO-8745,D,4,11,5
ESCINFO,ESCINFO-8491,D,3,3,1
ESCINFO,ESCINFO-8398,D,4,8,2
ESCINFO,ESCINFO-8608,D,4,13,7
ESCINFO,ESCINFO-8660,H,4,16,6
ESCINFO,ESCINFO-8538,D,4,8,4
ESCINFO,ESCINFO-8689,H,4,2,0
ESCINFO,ESCINFO-8629,D,1,10,6
ESCINFO,ESCINFO-8534,H,4,8,3
ESCINFO,ESCINFO-8415,P,4,3,2
ESCINFO,ESCINFO-8409,D,4,3,0
ESCINFO,ESCINFO-8710,D,-1,6,2
ESCINFO,ESCINFO-8164,D,1,2,0
ESCINFO,ESCINFO-8626,H,1,9,1
ESCINFO,ESCINFO-8466,P,4,2,0
ESCINFO,ESCINFO-8390,H,1,8,3
ESCINFO,ESCINFO-8572,D,4,11,6
ESCINFO,ESCINFO-7477,P,4,3,1
ESCINFO,ESCINFO-8653,P,-1,4,3
ESCINFO,ESCINFO-7969,P,-1,1,0
ESCINFO,ESCINFO-8194,P,4,6,3
ESCINFO,ESCINFO-8439,D,1,11,5
ESCINFO,ESCINFO-8444,D,3,4,2
ESCINFO,ESCINFO-7831,D,1,13,8
ESCINFO,ESCINFO-8694,D,-1,4,3
ESCINFO,ESCINFO-8754,H,-1,13,6
ESCINFO,ESCINFO-8278,D,4,4,2
ESCINFO,ESCINFO-8485,P,-1,15,6
ESCINFO,ESCINFO-8733,H,4,15,5
ESCINFO,ESCINFO-7867,D,1,4,1
ESCINFO,ESCINFO-8783,P,4,15,5
ESCINFO,ESCINFO-8685,D,4,13,5
ESCINFO,ESCINFO-7719,D,4,8,1
ESCINFO,ESCINFO-8240,H,4,18,8
ESCINFO,ESCINFO-8204,H,1,12,6
ESCINFO,ESCINFO-8703,H,1,15,6
ESCINFO,ESCINFO-8670,P,4,2,0
ESCINFO,ESCINFO-8676,H,1,0,0
ESCINFO,ESCINFO-8407,H,-1,11,6
ESCINFO,ESCINFO-8780,H,4,9,6
ESCINFO,ESCINFO-8336,D,-1,3,0
ESCINFO,ESCINFO-8640,P,-1,9,5
ESCINFO,ESCINFO-8811,H,1,5,2
ESCINFO,ESCINFO-8607,D,4,20,9
ESCINFO,ESCINFO-8355,D,4,9,6
ESCINFO,ESCINFO-8551,D,4,12,6
ESCINFO,ESCINFO-8354,H,4,13,7
ESCINFO,ESCINFO-8458,P,4,3,2
ESCINFO,ESCINFO-8554,H,1,3,2
ESCINFO,ESCINFO-8229,D,4,5,0
ESCINFO,ESCINFO-8747,D,4,7,1
ESCINFO,ESCINFO-8449,D,4,8,0
ESCINFO,ESCINFO-8337,H,-1,8,5
ESCINFO,ESCINFO-8615,H,1,4,1
ESCINFO,ESCINFO-8360,D,4,3,0
ESCINFO,ESCINFO-285,H,1,12,6
ESCINFO,ESCINFO-4631,P,4,8,1
ESCINFO,ESCINFO-8656,D,3,8,2
ESCINFO,ESCINFO-8301,D,1,5,2
ESCINFO,ESCINFO-8486,D,4,4,2
ESCINFO,ESCINFO-7513,H,-1,3,2
ESCINFO,ESCINFO-8753,P,4,6,4
ESCINFO,ESCINFO-8236,H,4,0,0
ESCINFO,ESCINFO-8727,P,4,8,4
ESCINFO,ESCINFO-8314,D,4,3,1
ESCINFO,ESCINFO-8546,D,-1,11,6
ESCINFO,ESCINFO-8395,P,4,3,0
ESCINFO,ESCINFO-8633,D,-1,2,0
ESCINFO,ESCINFO-8801,D,4,13,7
ESCINFO,ESCINFO-8827,D,3,10,5
ESCINFO,ESCINFO-8069,H,4,5,3
ESCINFO,ESCINFO-8657,D,1,9,4
ESCINFO,ESCINFO-8510,H,4,13,6
ESCINFO,ESCINFO-8604,H,1,15,9
ESCINFO,350,H,4,7,3
ESCINFO,ESCINFO-1371,H,4,2,0
ESCINFO,ESCINFO-5273,H,-1,2,1
ESCINFO,ESCINFO-7603,H,4,4,0
ESCINFO,ESCINFO-8639,P,4,6,3
ESCINFO,ESCINFO-8527,P,3,2,0
ESCINFO,ESCINFO-8316,D,4,0,0
ESCINFO,ESCINFO-8729,H,3,9,5
ESCINFO,ESCINFO-8463,H,4,13,8
ESCINFO,ESCINFO-8755,D,4,7,1
ESCINFO,ESCINFO-8172,D,4,3,1
ESCINFO,ESCINFO-7922,P,1,5,0
ESCINFO,ESCINFO-8259,D,4,4,3
ESCINFO,ESCINFO-8651,D,4,5,2
ESCINFO,ESCINFO-8557,P,1,6,3
ESCINFO,ESCINFO-8582,D,-1,6,2
ESCINFO,ESCINFO-7568,P,-1,5,2
ESCINFO,ESCINFO-8179,H,4,11,6
ESCINFO,ESCINFO-8187,P,-1,6,1
ESCINFO,ESCINFO-8865,D,1,13,5
ESCINFO,ESCINFO-8543,D,4,8,3
ESCINFO,ESCINFO-8654,H,-1,0,0
ESCINFO,ESCINFO-8888,P,4,4,1
ESCINFO,ESCINFO-8825,H,-1,7,3
ESCINFO,ESCINFO-8563,H,4,3,1
ESCINFO,ESCINFO-8719,H,-1,1,0
ESCINFO,ESCINFO-8542,D,4,7,3
ESCINFO,ESCINFO-8548,H,1,1,0
ESCINFO,ESCINFO-8434,H,4,8,3
ESCINFO,ESCINFO-8695,H,4,15,5
ESCINFO,ESCINFO-8311,P,4,5,2
ESCINFO,ESCINFO-8095,D,1,4,2
ESCINFO,ESCINFO-7990,D,3,1,0
ESCINFO,ESCINFO-8260,D,4,11,7
ESCINFO,ESCINFO-6248,H,3,13,7
ESCINFO,ESCINFO-6224,P,3,12,5
ESCINFO,ESCINFO-8789,H,-1,20,9
ESCINFO,ESCINFO-8424,P,-1,10,4
ESCINFO,ESCINFO-6209,P,-1,6,3
ESCINFO,ESCINFO-8736,P,-1,8,3
ESCINFO,ESCINFO-8288,P,-1,17,7
ESCINFO,ESCINFO-8722,D,3,5,0
ESCINFO,ESCINFO-8889,P,4,1,0
ESCINFO,ESCINFO-720,H,1,8,2
ESCINFO,ESCINFO-1652,D,1,8,2
ESCINFO,ESCINFO-3240,P,2,14,6
ESCINFO,ESCINFO-5208,D,3,8,5
ESCINFO,ESCINFO-5422,H,-1,5,1
ESCINFO,ESCINFO-5436,D,4,5,2
ESCINFO,ESCINFO-5479,H,-1,8,2
ESCINFO,ESCINFO-5924,P,1,1,0
ESCINFO,ESCINFO-5962,P,4,8,0
ESCINFO,ESCINFO-5983,H,4,8,3
ESCINFO,ESCINFO-6062,H,3,8,2
ESCINFO,ESCINFO-6162,P,4,6,4
ESCINFO,ESCINFO-6192,P,4,9,5
ESCINFO,ESCINFO-6315,D,1,14,8
ESCINFO,ESCINFO-6393,D,1,9,2
ESCINFO,ESCINFO-6425,H,1,3,2
ESCINFO,ESCINFO-6451,D,4,9,4
ESCINFO,ESCINFO-6526,P,4,9,1
ESCINFO,ESCINFO-6541,P,4,5,1
ESCINFO,ESCINFO-6774,P,4,4,2
ESCINFO,ESCINFO-6907,P,1,5,0
ESCINFO,ESCINFO-7001,D,4,1,0
ESCINFO,ESCINFO-7139,P,4,5,3
ESCINFO,ESCINFO-6222,H,4,3,1
ESCINFO,ESCINFO-6751,D,4,8,5
ESCINFO,ESCINFO-7260,D,4,7,2
ESCINFO,ESCINFO-1755,P,4,11,3
ESCINFO,ESCINFO-3400,D,-1,2,0
ESCINFO,ESCINFO-5448,D,1,7,1
ESCINFO,ESCINFO-5607,H,4,4,0
ESCINFO,ESCINFO-5721,P,4,3,1
ESCINFO,ESCINFO-6182,H,1,7,3
ESCINFO,ESCINFO-6429,H,1,5,3
ESCINFO,ESCINFO-6523,P,1,5,1
ESCINFO,ESCINFO-6875,D,4,2,0
ESCINFO,ESCINFO-6959,H,4,5,1
ESCINFO,1439,P,1,14,8
ESCINFO,ESCINFO-5176,P,1,7,4
ESCINFO,ESCINFO-6036,P,4,4,3
ESCINFO,ESCINFO-6136,P,4,8,2
ESCINFO,ESCINFO-6163,P,4,5,3
ESCINFO,ESCINFO-6213,D,1,6,3
ESCINFO,ESCINFO-6247,P,4,7,3
ESCINFO,ESCINFO-6386,D,4,3,1
ESCINFO,ESCINFO-6887,D,3,7,1
ESCINFO,ESCINFO-7128,D,1,8,1
ESCINFO,ESCINFO-7168,H,3,5,0
ESCINFO,ESCINFO-6154,H,4,13,6
ESCINFO,ESCINFO-7216,H,4,10,6
ESCINFO,ESCINFO-4700,H,4,5,2
ESCINFO,ESCINFO-4593,H,1,17,9
ESCINFO,ESCINFO-5453,P,-1,11,7
ESCINFO,ESCINFO-4656,H,4,17,7
ESCINFO,ESCINFO-6424,H,1,8,5
ESCINFO,ESCINFO-6449,D,1,13,6
ESCINFO,ESCINFO-6483,H,4,9,6
ESCINFO,ESCINFO-6485,P,-1,10,6
ESCINFO,ESCINFO-6576,D,1,12,7
ESCINFO,ESCINFO-6804,H,4,4,1
ESCINFO,ESCINFO-6854,H,4,12,8
ESCINFO,ESCINFO-6956,P,1,10,5
ESCINFO,ESCINFO-7053,H,4,1,0
ESCINFO,ESCINFO-7136,P,4,17,6
ESCINFO,ESCINFO-7251,D,4,6,3
ESCINFO,ESCINFO-2647,H,4,2,0
ESCINFO,ESCINFO-6957,P,4,2,1
ESCINFO,ESCINFO-6994,D,4,7,3
ESCINFO,ESCINFO-7129,P,4,6,3
ESCINFO,ESCINFO-6658,H,1,4,1
ESCINFO,ESCINFO-3786,H,1,3,2
ESCINFO,ESCINFO-1524,H,4,4,2
ESCINFO,ESCINFO-4966,D,-1,3,1
ESCINFO,ESCINFO-6270,D,3,5,3
ESCINFO,ESCINFO-692,P,4,5,1
ESCINFO,6984,H,4,5,1
ESCINFO,ESCINFO-6560,P,1,6,1
ESCINFO,ESCINFO-7105,H,4,10,5
ESCINFO,ESCINFO-7116,D,4,7,0
ESCINFO,ESCINFO-3296,H,4,19,9
ESCINFO,ESCINFO-5326,D,1,6,1
ESCINFO,ESCINFO-5362,D,3,6,0
ESCINFO,ESCINFO-6981,H,4,6,2
ESCINFO,ESCINFO-7176,D,4,5,3
ESCINFO,ESCINFO-6365,P,1,9,1
ESCINFO,ESCINFO-6517,H,4,12,7
ESCINFO,ESCINFO-6519,D,4,6,1
ESCINFO,ESCINFO-6522,P,1,8,3
ESCINFO,ESCINFO-7189,H,3,7,2
ESCINFO,ESCINFO-1777,P,1,6,2
ESCINFO,ESCINFO-5540,D,4,5,2
ESCINFO,ESCINFO-6589,D,4,6,1
ESCINFO,ESCINFO-6691,P,4,0,0
ESCINFO,ESCINFO-5836,H,4,8,0
ESCINFO,ESCINFO-5943,P,4,5,2
ESCINFO,ESCINFO-6333,D,4,12,5
ESCINFO,ESCINFO-6599,H,-1,6,2
ESCINFO,ESCINFO-7117,P,1,15,7
ESCINFO,ESCINFO-6004,H,4,4,1
ESCINFO,ESCINFO-7037,P,-1,14,8
ESCINFO,ESCINFO-7201,H,4,7,3
ESCINFO,ESCINFO-6665,H,1,5,2
ESCINFO,ESCINFO-6278,P,3,9,5
ESCINFO,ESCINFO-5474,D,-1,5,1
ESCINFO,ESCINFO-6823,D,4,5,3
ESCINFO,ESCINFO-7223,D,4,9,1
ESCINFO,ESCINFO-778,D,1,6,3
ESCINFO,ESCINFO-2395,H,1,4,0
ESCINFO,ESCINFO-2313,H,4,1,0
ESCINFO,ESCINFO-6458,D,4,7,4
ESCINFO,ESCINFO-2127,P,4,2,0
ESCINFO,ESCINFO-6951,H,1,7,4
ESCINFO,ESCINFO-7011,H,4,9,3
ESCINFO,ESCINFO-7172,D,3,11,6
ESCINFO,ESCINFO-4904,P,1,5,3
ESCINFO,ESCINFO-4980,D,4,8,2
ESCINFO,1041,D,1,1,0
ESCINFO,ESCINFO-4802,H,-1,8,1
ESCINFO,ESCINFO-6554,D,-1,10,5
ESCINFO,ESCINFO-7264,D,4,0,0
ESCINFO,ESCINFO-6103,D,4,14,7
ESCINFO,ESCINFO-6377,D,-1,5,3
ESCINFO,ESCINFO-7242,H,1,4,0
ESCINFO,ESCINFO-7133,H,4,4,3
ESCINFO,ESCINFO-6026,H,-1,4,0
ESCINFO,ESCINFO-6669,H,1,6,1
ESCINFO,ESCINFO-7039,D,4,2,0
ESCINFO,ESCINFO-5571,H,4,5,2
ESCINFO,ESCINFO-5899,D,4,6,1
ESCINFO,ESCINFO-6421,H,-1,9,2
ESCINFO,ESCINFO-6614,H,1,2,0
ESCINFO,ESCINFO-5727,H,1,1,0
ESCINFO,ESCINFO-6171,P,-1,9,6
ESCINFO,ESCINFO-6139,P,1,5,2
ESCINFO,ESCINFO-7266,H,-1,4,1
ESCINFO,ESCINFO-6692,D,3,12,8
ESCINFO,ESCINFO-6910,D,4,0,0
ESCINFO,ESCINFO-6280,P,4,13,7
ESCINFO,ESCINFO-6843,D,-1,10,4
ESCINFO,ESCINFO-5786,D,-1,7,2
ESCINFO,ESCINFO-6409,H,4,13,9
ESCINFO,ESCINFO-7086,P,-1,8,4
ESCINFO,ESCINFO-5865,H,-1,8,3
ESCINFO,ESCINFO-7169,D,-1,6,3
ESCINFO,ESCINFO-7019,H,-1,5,2
ESCINFO,ESCINFO-4620,D,4,8,4
ESCINFO,ESCINFO-4707,D,1,14,8
ESCINFO,ESCINFO-4710,H,1,8,2
ESCINFO,ESCINFO-4711,P,3,7,3
ESCINFO,ESCINFO-5200,D,1,10,5
ESCINFO,ESCINFO-5202,D,3,4,2
ESCINFO,ESCINFO-5212,H,4,10,5
ESCINFO,ESCINFO-5217,H,-1,4,2
ESCINFO,ESCINFO-5247,P,4,6,1
ESCINFO,ESCINFO-5253,D,2,11,4
ESCINFO,ESCINFO-5274,H,4,5,3
ESCINFO,ESCINFO-5276,P,4,5,3
ESCINFO,ESCINFO-5295,H,3,13,8
ESCINFO,ESCINFO-5297,H,1,6,4
ESCINFO,ESCINFO-5298,D,-1,7,3
ESCINFO,ESCINFO-5300,H,1,6,0
ESCINFO,ESCINFO-5301,H,-1,4,2
ESCINFO,ESCINFO-5302,H,-1,7,1
ESCINFO,ESCINFO-5304,H,3,7,4
ESCINFO,ESCINFO-5307,D,-1,1,0
ESCINFO,ESCINFO-5308,D,-1,12,5
ESCINFO,ESCINFO-5313,P,-1,4,1
ESCINFO,ESCINFO-5323,D,-1,13,8
ESCINFO,ESCINFO-5322,P,-1,8,1
ESCINFO,ESCINFO-5347,H,-1,13,5
ESCINFO,ESCINFO-5356,D,-1,12,6
ESCINFO,ESCINFO-5368,D,-1,3,1
ESCINFO,ESCINFO-5369,D,-1,5,2
ESCINFO,ESCINFO-5370,D,-1,6,3
ESCINFO,ESCINFO-5371,P,-1,9,6
ESCINFO,ESCINFO-5372,P,-1,2,0
ESCINFO,ESCINFO-5373,H,-1,4,2
ESCINFO,ESCINFO-5374,D,-1,4,3
ESCINFO,ESCINFO-5375,H,-1,1,0
ESCINFO,ESCINFO-5376,H,-1,9,5
ESCINFO,ESCINFO-5377,D,-1,12,4
ESCINFO,ESCINFO-5378,D,-1,2,0
ESCINFO,ESCINFO-5379,D,-1,3,2
ESCINFO,ESCINFO-5380,P,-1,9,5
ESCINFO,ESCINFO-5382,P,4,13,5
ESCINFO,ESCINFO-5384,H,-1,4,0
ESCINFO,ESCINFO-5386,H,-1,8,2
ESCINFO,ESCINFO-5387,D,-1,4,0
ESCINFO,ESCINFO-5390,D,-1,4,0
ESCINFO,ESCINFO-5399,H,-1,8,5
ESCINFO,ESCINFO-5414,P,-1,3,1
ESCINFO,ESCINFO-5446,H,-1,8,1
ESCINFO,ESCINFO-5462,D,-1,8,2
ESCINFO,ESCINFO-5470,D,-1,8,3
ESCINFO,ESCINFO-5477,P,-1,9,3
ESCINFO,ESCINFO-5484,P,-1,1,0
ESCINFO,ESCINFO-5490,D,-1,13,5
ESCINFO,ESCINFO-5493,P,-1,5,2
ESCINFO,ESCINFO-5495,P,-1,1,0
ESCINFO,ESCINFO-5508,P,-1,13,8
ESCINFO,ESCINFO-5532,H,-1,3,0
ESCINFO,ESCINFO-5206,P,-1,2,0
ESCINFO,ESCINFO-5460,P,-1,7,3
ESCINFO,ESCINFO-5514,D,-1,3,1
ESCINFO,ESCINFO-5552,D,-1,7,1
ESCINFO,ESCINFO-5563,H,-1,10,5
ESCINFO,ESCINFO-5574,P,-1,2,0
ESCINFO,ESCINFO-5575,D,-1,9,6
ESCINFO,ESCINFO-5586,P,-1,6,1
ESCINFO,ESCINFO-5615,H,-1,3,2
ESCINFO,ESCINFO-5620,D,-1,13,6
ESCINFO,ESCINFO-5626,H,4,6,3
ESCINFO,ESCINFO-5643,H,-1,2,0
ESCINFO,ESCINFO-5649,H,-1,5,1
ESCINFO,ESCINFO-5685,H,-1,3,2
ESCINFO,ESCINFO-5698,P,1,5,2
ESCINFO,ESCINFO-5710,H,-1,7,3
ESCINFO,ESCINFO-5714,H,-1,8,2
ESCINFO,ESCINFO-5715,D,4,7,4
ESCINFO,ESCINFO-5716,H,-1,8,5
ESCINFO,ESCINFO-5750,D,4,13,7
ESCINFO,ESCINFO-5760,P,-1,14,7
ESCINFO,ESCINFO-5761,H,-1,6,2
ESCINFO,ESCINFO-5764,D,-1,8,5
ESCINFO,ESCINFO-5769,H,-1,4,1
ESCINFO,ESCINFO-6258,P,-1,11,5
ESCINFO,6068,P,-1,3,1
ESCINFO,1822,H,-1,1,0
ESCINFO,60,H,-1,2,1
ESCINFO,ESCINFO-8890,P,-1,1,0
ESCINFO,ESCINFO-8891,H,-1,2,1
ESCINFO,ESCINFO-8892,H,-1,4,2
ESCINFO,ESCINFO-8894,P,1,6,3
ESCINFO,ESCINFO-8895,D,-1,2,1
ESCINFO,4305,P,-1,6,2
ESCINFO,ESCINFO-8896,D,4,1,0
ESCINFO,4171,D,-1,7,4
ESCINFO,4319,H,1,2,1
ESCINFO,6960,D,-1,7,3
ESCINFO,ESCINFO-3404,P,-1,4,1
ESCINFO,5853,D,4,6,3
ESCINFO,5849,H,1,6,3
ESCINFO,6816,H,1,1,0
ESCINFO,ESCINFO-3459,P,1,4,0
ESCINFO,ESCINFO-2505,P,-1,4,1
ESCINFO,ESCINFO-8897,H,1,6,2
ESCINFO,ESCINFO-8898,H,-1,6,3
ESCINFO,ESCINFO-8899,D,-1,2,0
ESCINFO,ESCINFO-8900,D,-1,0,0
ESCINFO,ESCINFO-8901,D,-1,6,2
ESCINFO,ESCINFO-8902,P,3,5,2
ESCINFO,ESCINFO-8903,H,-1,5,2
ESCINFO,ESCINFO-8904,H,-1,6,4
ESCINFO,4941,H,-1,3,2
ESCINFO,ESCINFO-8905,D,-1,7,4
ESCINFO,ESCINFO-8906,D,-1,1,0
ESCINFO,ESCINFO-8907,H,-1,4,1
ESCINFO,128,H,-1,2,1
ESCINFO,ESCINFO-6112,P,1,3,0
ESCINFO,ESCINFO-3866,P,3,12,5
ESCINFO,ESCINFO-4392,P,1,8,4
ESCINFO,ESCINFO-1834,D,-1,22,6
ESCINFO,ESCINFO-6057,H,-1,3,1
ESCINFO,ESCINFO-6070,P,-1,6,2
ESCINFO,ESCINFO-7412,H,-1,6,4
ESCINFO,ESCINFO-8173,D,-1,8,4
ESCINFO,ESCINFO-8698,P,1,7,4
ESCINFO,ESCINFO-8427,D,-1,0,0
ESCINFO,ESCINFO-8359,H,-1,9,2
ESCINFO,ESCINFO-8790,D,1,6,3
ESCINFO,ESCINFO-8385,D,-1,6,1
ESCINFO,ESCINFO-8474,P,-1,14,8
ESCINFO,ESCINFO-8761,P,3,3,1
ESCINFO,ESCINFO-8437,D,-1,6,4
ESCINFO,ESCINFO-8465,D,3,0,0
ESCINFO,ESCINFO-8781,D,-1,9,2
ESCINFO,ESCINFO-8365,H,-1,8,1
ESCINFO,ESCINFO-8684,D,-1,9,4
ESCINFO,ESCINFO-8457,D,-1,5,1
ESCINFO,ESCINFO-8436,D,-1,4,1
ESCINFO,ESCINFO-8601,P,-1,11,7
ESCINFO,ESCINFO-8524,D,-1,5,1
ESCINFO,ESCINFO-8243,H,-1,5,2
ESCINFO,ESCINFO-8207,H,-1,8,2
ESCINFO,ESCINFO-8167,P,-1,7,1
ESCINFO,ESCINFO-8323,P,-1,6,1
ESCINFO,ESCINFO-8701,D,-1,4,2
ESCINFO,ESCINFO-8281,P,-1,8,3
ESCINFO,ESCINFO-8622,D,-1,12,8
ESCINFO,ESCINFO-8272,P,1,14,6
ESCINFO,ESCINFO-8306,D,-1,8,5
ESCINFO,ESCINFO-8821,D,-1,10,4
ESCINFO,ESCINFO-8637,D,-1,10,6
ESCINFO,ESCINFO-8504,D,-1,3,2
ESCINFO,ESCINFO-8422,D,4,8,4
ESCINFO,ESCINFO-8364,D,-1,4,2
ESCINFO,ESCINFO-8177,P,3,9,4
ESCINFO,ESCINFO-8834,D,-1,7,1
ESCINFO,ESCINFO-7369,H,-1,5,0
ESCINFO,ESCINFO-8659,H,-1,9,5
ESCINFO,ESCINFO-8819,P,-1,7,1
